Price,zip,Year Built,Bedrooms,Bathrooms,Approx SQFT,CrimeRate,Hightest_Rated_School
427167,85017,1958,3,2.0,1302.0,4.1,100.04
400000,85018,1943,0,0.0,1358.0,2.2,75.8
399900,85303,1997,3,2.0,1505.0,0.0,95.89
349000,85033,1983,3,3.0,1514.0,3.0,95.89
419000,85019,1971,4,2.0,1908.0,2.5,100.04
428900,85029,1977,2,2.0,1272.0,3.3,91.9
360000,85051,1960,3,1.75,1566.0,4.3,91.9
360000,85040,1979,2,2.0,1120.0,2.8,76.54
875000,85013,1960,3,2.0,2270.0,2.0,72.93
335000,85301,1947,3,2.0,1210.0,0.0,100.04
386000,85040,2004,3,2.0,1149.0,2.8,76.54
599000,85032,1971,4,2.0,1811.0,3.2,99.97
420000,85019,1965,3,1.75,1673.0,2.5,100.04
870000,85028,1964,4,2.0,2158.0,0.6,99.97
585000,85020,1950,3,2.0,1743.0,2.1,97.13
359995,85041,1947,4,2.0,1400.0,4.5,76.54
500000,85014,1951,3,2.0,1318.0,1.9,97.13
674900,85016,1949,3,2.0,1957.0,3.2,97.13
385000,85301,1955,4,2.0,1631.0,0.0,100.04
169000,85006,1940,2,1.0,576.0,1.9,94.44
385000,85029,1969,4,2.0,1380.0,3.3,91.9
515000,85053,1982,3,2.5,1801.0,1.5,91.9
362000,85051,1962,3,2.0,1556.0,4.3,91.9
415000,85019,1966,4,2.0,1866.0,2.5,100.04
395000,85033,1981,3,2.0,1486.0,3.0,95.89
405000,85051,1967,3,2.0,1454.0,4.3,91.9
765000,85251,1958,4,2.0,1830.0,0.0,101.35
490000,85032,1983,2,2.0,1441.0,3.2,99.97
675000,85016,1949,4,3.0,2480.0,3.2,97.13
335000,85302,1971,3,2.0,1120.0,0.0,91.9
470000,85041,2004,3,2.5,1798.0,4.5,76.54
744900,85028,1970,4,2.0,1980.0,0.6,99.97
320000,85017,1952,4,2.0,1356.0,4.1,100.04
399900,85301,1973,4,2.0,2201.0,0.0,100.04
425000,85020,1958,4,2.0,1758.0,2.1,97.13
529420,85032,1992,3,2.0,1157.0,3.2,99.97
750000,85014,1952,3,2.0,1703.0,1.9,97.13
475900,85032,1972,3,2.0,1380.0,3.2,99.97
496000,85301,1955,4,2.0,1984.0,0.0,100.04
524000,85304,2017,4,2.0,2024.0,0.2,91.9
485000,85302,1984,4,3.5,2201.0,0.0,91.9
795000,85023,1971,4,2.0,2150.0,3.4,91.9
570000,85020,1975,3,2.5,2098.0,2.1,97.13
379750,85303,1970,3,2.0,1235.0,0.0,95.89
419000,85033,1973,4,2.0,1681.0,3.0,95.89
299000,85019,1959,3,1.75,2144.0,2.5,100.04
699900,85006,1915,4,2.0,1925.0,1.9,94.44
329900,85041,1982,3,2.0,1208.0,4.5,76.54
420000,85306,1971,4,2.0,1288.0,0.3,91.9
975000,85021,1952,3,2.0,2513.0,2.8,91.9
414000,85008,1951,3,2.0,1217.0,4.5,81.79
348000,85033,1960,3,2.0,1300.0,3.0,95.89
365000,85009,1953,3,2.0,1227.0,4.0,65.7
399000,85043,2021,3,2.5,1958.0,3.2,76.86
439000,85051,1971,3,1.75,1759.0,4.3,91.9
995000,85018,1960,3,2.0,1474.0,2.2,75.8
459000,85020,1959,3,2.0,1508.0,2.1,97.13
410000,85302,1971,3,2.0,1432.0,0.0,91.9
450000,85302,1997,4,2.5,2163.0,0.0,91.9
699000,85014,1950,4,2.0,1575.0,1.9,97.13
445000,85021,1956,4,3.0,1581.0,2.8,91.9
375000,85037,1996,3,2.0,1500.0,1.9,85.28
600000,85006,1911,2,1.0,1022.0,1.9,94.44
715000,85041,2017,5,4.0,2789.0,4.5,76.54
499900,85041,2019,3,2.0,1547.0,4.5,76.54
320000,85035,1969,3,2.0,1260.0,3.3,95.89
700000,85257,1958,4,2.0,1380.0,2.5,101.35
275000,85301,1959,3,1.25,1020.0,0.0,100.04
499990,85029,1959,4,2.0,2180.0,3.3,91.9
750000,85016,1962,3,2.0,1613.0,3.2,97.13
428000,85009,1951,4,2.0,1888.0,4.0,65.7
974999,85032,2006,5,3.5,3515.0,3.2,99.97
389900,85031,1955,3,2.0,1400.0,2.4,100.04
406000,85031,1957,4,2.0,1692.0,2.4,100.04
549000,85032,1986,3,2.0,1608.0,3.2,99.97
465000,85006,1920,3,2.0,1047.0,1.9,94.44
550000,85302,2005,4,2.5,2961.0,0.0,91.9
425000,85029,1970,3,2.0,1986.0,3.3,91.9
450000,85306,1972,3,2.0,1820.0,0.3,91.9
479900,85250,1961,3,1.75,1260.0,2.5,101.35
410000,85035,2017,4,2.5,1727.0,3.3,95.89
365000,85033,1962,3,2.0,1080.0,3.0,95.89
345000,85042,1971,3,1.75,1200.0,2.9,76.54
425000,85032,1972,3,2.0,1460.0,3.2,99.97
466000,85041,2017,3,3.0,1791.0,4.5,76.54
775000,85302,2018,5,3.0,3021.0,0.0,91.9
379900,85033,1961,4,2.0,1300.0,3.0,95.89
549000,85028,1960,3,2.0,1656.0,0.6,99.97
459000,85040,2021,4,3.0,2304.0,2.8,76.54
445000,85029,1969,4,2.0,1821.0,3.3,91.9
380000,85040,1959,3,2.5,1083.0,2.8,76.54
850000,85003,1937,3,2.0,1478.0,1.1,94.44
399000,85029,1995,3,2.5,1568.0,3.3,91.9
350000,85014,1950,2,1.0,1586.0,1.9,97.13
605000,85042,2001,3,2.0,2144.0,2.9,76.54
630000,85020,1998,4,2.5,2408.0,2.1,97.13
425000,85304,1973,4,2.0,1730.0,0.2,91.9
275000,85033,1961,3,1.5,952.0,3.0,95.89
450000,85029,1966,4,2.0,1560.0,3.3,91.9
525000,85304,1996,4,2.0,1979.0,0.2,91.9
450000,85015,1956,3,2.0,2124.0,5.5,100.04
470000,85304,1972,4,2.0,1975.0,0.2,91.9
475000,85028,1994,3,2.0,1306.0,0.6,99.97
449500,85051,1974,3,2.0,1743.0,4.3,91.9
367000,85008,1949,2,1.0,700.0,4.5,81.79
799000,85023,1972,4,2.0,2565.0,3.4,91.9
624950,85032,1980,5,2.0,2080.0,3.2,99.97
404999,85009,1962,3,2.0,1344.0,4.0,65.7
995990,85042,2017,4,3.5,3085.0,2.9,76.54
420000,85051,1970,3,1.75,1732.0,4.3,91.9
487000,85006,1946,2,1.0,1300.0,1.9,94.44
450000,85008,1953,3,1.0,1496.0,4.5,81.79
450000,85014,1950,3,1.0,1313.0,1.9,97.13
524900,85032,1984,3,2.75,2026.0,3.2,99.97
500000,85006,1939,2,1.0,942.0,1.9,94.44
424000,85033,1958,5,2.5,2135.0,3.0,95.89
347953,85031,1958,3,2.0,1411.0,2.4,100.04
439000,85029,1980,3,2.0,1442.0,3.3,91.9
350000,85021,1959,3,2.0,1714.0,2.8,91.9
250000,85053,1961,3,2.0,1120.0,1.5,91.9
420000,85041,2003,3,2.0,1376.0,4.5,76.54
789000,85014,1951,3,2.5,1961.0,1.9,97.13
373000,85042,1973,3,1.5,1262.0,2.9,76.54
950000,85012,1947,3,2.0,1850.0,0.6,72.93
375000,85303,1978,3,2.0,1699.0,0.0,95.89
600000,85008,1953,4,3.0,1902.0,4.5,81.79
405000,85021,1958,3,2.0,1200.0,2.8,91.9
389900,85042,1957,3,2.0,1325.0,2.9,76.54
470000,85029,1978,3,2.0,1646.0,3.3,91.9
440000,85041,2013,4,2.0,1681.0,4.5,76.54
485000,85041,2003,3,2.0,1531.0,4.5,76.54
435000,85051,1985,3,2.0,1472.0,4.3,91.9
780000,85042,2018,4,3.5,2660.0,2.9,76.54
374900,85035,1972,3,1.75,1220.0,3.3,95.89
605000,85257,1989,2,2.0,1260.0,2.5,101.35
800000,85022,1984,4,3.0,2371.0,2.6,99.97
369990,85051,1962,3,2.0,1470.0,4.3,91.9
479900,85014,1945,3,2.0,1379.0,1.9,97.13
385000,85021,1959,3,2.0,1486.0,2.8,91.9
500000,85281,1961,5,2.0,2022.0,0.0,94.49
539000,85016,1956,4,3.0,1897.0,3.2,97.13
429900,85035,1970,5,2.0,2140.0,3.3,95.89
321900,85042,1960,4,1.0,1170.0,2.9,76.54
534900,85301,2000,4,2.0,2071.0,0.0,100.04
265000,85004,1940,3,1.0,680.0,1.2,94.44
324950,85009,1950,2,1.0,780.0,4.0,65.7
499000,85051,1964,4,2.0,1920.0,4.3,91.9
799900,85018,1951,3,2.0,1895.0,2.2,75.8
995000,85028,1985,3,3.0,2725.0,0.6,99.97
485000,85015,1950,3,1.0,1308.0,5.5,100.04
339900,85035,1970,4,2.0,1564.0,3.3,95.89
410000,85035,2017,3,2.5,1675.0,3.3,95.89
541000,85302,2005,4,2.0,2159.0,0.0,91.9
625000,85281,1962,4,2.5,2315.0,0.0,94.49
644900,85257,1959,3,2.0,1610.0,2.5,101.35
449900,85023,1959,3,2.0,2243.0,3.4,91.9
460000,85053,1975,3,2.0,1908.0,1.5,91.9
200000,85020,1958,2,1.0,672.0,2.1,97.13
995500,85012,1955,3,2.0,1654.0,0.6,72.93
399000,85029,1962,3,2.0,1283.0,3.3,91.9
529900,85040,2022,4,3.5,2220.0,2.8,76.54
299999,85301,1947,2,1.0,768.0,0.0,100.04
620000,85022,1974,4,1.75,2081.0,2.6,99.97
479900,85023,1991,3,2.0,1567.0,3.4,91.9
375000,85007,1947,2,1.0,917.0,1.6,94.44
435000,85051,1970,3,2.0,1652.0,4.3,91.9
615000,85013,1943,3,2.0,1647.0,2.0,72.93
664450,85014,1970,2,2.0,1614.0,1.9,97.13
405000,85041,2005,4,2.0,1756.0,4.5,76.54
799000,85251,1958,3,2.0,1716.0,0.0,101.35
414900,85042,1983,3,2.0,1334.0,2.9,76.54
334999,85301,1955,3,2.0,950.0,0.0,100.04
300000,85040,1991,3,2.0,1150.0,2.8,76.54
324900,85029,1961,3,2.0,1192.0,3.3,91.9
489900,85041,2004,3,2.5,2334.0,4.5,76.54
345000,85017,1953,4,2.0,1272.0,4.1,100.04
415000,85041,2010,3,2.0,1743.0,4.5,76.54
390000,85019,1957,3,2.0,1430.0,2.5,100.04
199000,85009,1926,1,1.0,800.0,4.0,65.7
390000,85043,2005,3,2.0,1460.0,3.2,76.86
350000,85041,1960,4,1.0,1556.0,4.5,76.54
421000,85303,1994,3,2.0,1446.0,0.0,95.89
444000,85302,1975,4,2.0,1823.0,0.0,91.9
432000,85301,1964,4,3.0,2377.0,0.0,100.04
495000,85042,2000,4,3.0,1841.0,2.9,76.54
454000,85302,2002,3,2.0,1825.0,0.0,91.9
377000,85033,1982,4,2.0,1312.0,3.0,95.89
384000,85033,1979,3,2.0,1524.0,3.0,95.89
334000,85033,1980,2,1.0,840.0,3.0,95.89
424000,85051,1961,4,3.0,1932.0,4.3,91.9
466000,85301,1960,4,2.0,1665.0,0.0,100.04
490000,85302,1985,3,2.0,1889.0,0.0,91.9
497000,85022,1978,4,2.0,1596.0,2.6,99.97
716000,85032,1988,4,3.0,2486.0,3.2,99.97
393000,85021,1960,3,2.0,1321.0,2.8,91.9
345000,85009,1954,3,1.5,1640.0,4.0,65.7
341000,85009,1951,2,1.0,993.0,4.0,65.7
384000,85031,1959,3,2.0,1608.0,2.4,100.04
490000,85339,2005,4,2.0,1885.0,2.0,94.47
475000,85051,1969,3,2.0,1843.0,4.3,91.9
338000,85009,1953,3,1.0,1080.0,4.0,65.7
478000,85019,1960,3,2.0,1676.0,2.5,100.04
325000,85041,1950,2,1.0,1284.0,4.5,76.54
354000,85017,1954,3,2.0,1220.0,4.1,100.04
501000,85339,2005,5,3.0,2706.0,2.0,94.47
523000,85042,2018,3,2.0,1598.0,2.9,76.54
451000,85040,2007,4,2.5,1743.0,2.8,76.54
423000,85304,1972,3,2.0,1559.0,0.2,91.9
338000,85303,1977,2,1.0,832.0,0.0,95.89
505000,85339,2005,5,3.0,2443.0,2.0,94.47
369999,85009,1952,4,2.0,1415.0,4.0,65.7
585000,85053,2004,4,2.0,2472.0,1.5,91.9
335000,85040,1976,3,1.5,1056.0,2.8,76.54
390000,85281,1960,3,1.5,1938.0,0.0,94.49
350000,85014,1904,2,1.0,1070.0,1.9,97.13
389500,85035,1971,3,2.0,1064.0,3.3,95.89
425000,85008,1948,3,2.0,1376.0,4.5,81.79
445000,85022,1983,3,2.0,1322.0,2.6,99.97
900000,85022,1997,4,2.5,2776.0,2.6,99.97
649900,85257,1955,4,2.0,1680.0,2.5,101.35
415000,85041,2003,3,2.0,1770.0,4.5,76.54
289900,85008,1948,2,1.0,944.0,4.5,81.79
1000000,85015,2020,4,3.5,2969.0,5.5,100.04
500000,85008,1955,3,1.5,1145.0,4.5,81.79
595000,85281,1961,3,1.75,1780.0,0.0,94.49
375000,85029,1960,4,2.0,1580.0,3.3,91.9
384999,85006,1906,2,1.75,1048.0,1.9,94.44
415000,85041,2006,3,2.0,1524.0,4.5,76.54
415000,85004,2008,3,2.5,1576.0,1.2,94.44
399900,85053,1974,3,2.0,1170.0,1.5,91.9
355000,85009,1949,3,2.0,1458.0,4.0,65.7
699999,85015,1950,3,2.0,1773.0,5.5,100.04
519000,85006,1945,2,1.0,945.0,1.9,94.44
650000,85006,1940,3,3.0,1900.0,1.9,94.44
199750,85009,1950,3,1.0,1782.0,4.0,65.7
450000,85304,1979,3,2.0,1649.0,0.2,91.9
350000,85051,1954,5,2.0,1924.0,4.3,91.9
610000,85032,1965,6,4.0,2200.0,3.2,99.97
475000,85053,1973,3,2.0,1619.0,1.5,91.9
799950,85016,1959,3,2.0,2407.0,3.2,97.13
340000,85035,1973,4,2.0,1330.0,3.3,95.89
335000,85017,1954,3,1.75,1404.0,4.1,100.04
515000,85339,2014,4,2.5,2522.0,2.0,94.47
475000,85304,1974,3,2.0,1772.0,0.2,91.9
475000,85029,1971,3,2.0,1590.0,3.3,91.9
799900,85028,1960,4,3.0,2053.0,0.6,99.97
355000,85009,1956,3,2.0,1476.0,4.0,65.7
415000,85021,1957,3,2.0,1694.0,2.8,91.9
429000,85281,1962,3,2.0,1280.0,0.0,94.49
435000,85029,1978,3,2.0,1338.0,3.3,91.9
300000,85009,1946,2,1.0,712.0,4.0,65.7
974900,85018,1969,3,2.0,2038.0,2.2,75.8
385000,85019,1952,4,2.0,1781.0,2.5,100.04
440000,85031,1957,3,1.75,2106.0,2.4,100.04
395999,85303,1986,3,2.0,1434.0,0.0,95.89
925000,85020,1950,4,4.0,2290.0,2.1,97.13
505000,85042,2019,3,2.0,1741.0,2.9,76.54
340000,85033,2000,2,2.0,919.0,3.0,95.89
411000,85051,1962,4,2.0,1530.0,4.3,91.9
525000,85306,1972,4,3.0,2332.0,0.3,91.9
369900,85303,1986,3,2.0,1242.0,0.0,95.89
379000,85033,1981,4,2.0,1552.0,3.0,95.89
698900,85028,1971,3,2.5,2093.0,0.6,99.97
485000,85023,1995,3,2.0,1370.0,3.4,91.9
399800,85031,1955,3,2.0,1336.0,2.4,100.04
445000,85029,1970,4,2.0,2485.0,3.3,91.9
985000,85018,1952,5,2.0,2548.0,2.2,75.8
755000,85254,1984,3,2.0,1716.0,1.1,99.97
689000,85016,1953,3,2.0,1670.0,3.2,97.13
729000,85022,1987,4,3.0,2527.0,2.6,99.97
375000,85017,1953,3,1.5,1689.0,4.1,100.04
440000,85043,2007,4,2.0,1949.0,3.2,76.86
375000,85009,1941,3,1.0,1190.0,4.0,65.7
879000,85257,1956,3,2.0,2090.0,2.5,101.35
375000,85019,1956,4,2.0,1662.0,2.5,100.04
430000,85015,1954,3,2.0,1500.0,5.5,100.04
699900,85003,1926,2,2.0,1383.0,1.1,94.44
735000,85257,1958,3,2.0,1589.0,2.5,101.35
455000,85023,1995,3,2.0,1312.0,3.4,91.9
895000,85021,1963,4,3.0,2220.0,2.8,91.9
575000,85029,1952,3,2.0,1942.0,3.3,91.9
355000,85031,1956,4,2.0,1695.0,2.4,100.04
989000,85013,1949,4,3.5,2200.0,2.0,72.93
849900,85028,1974,5,3.0,2744.0,0.6,99.97
749800,85028,2004,3,2.0,2136.0,0.6,99.97
315000,85017,1951,2,1.0,852.0,4.1,100.04
425000,85053,1971,3,2.0,1448.0,1.5,91.9
838000,85257,2020,4,2.0,2089.0,2.5,101.35
499000,85016,1953,3,2.0,1272.0,3.2,97.13
695000,85013,1941,3,3.0,1708.0,2.0,72.93
360000,85019,1959,3,2.0,1290.0,2.5,100.04
459900,85053,1972,4,3.0,1652.0,1.5,91.9
925000,85018,1953,4,2.75,2415.0,2.2,75.8
549999,85018,1950,3,2.0,1370.0,2.2,75.8
239000,85023,1982,2,2.0,980.0,3.4,91.9
529900,85032,1969,3,2.0,1240.0,3.2,99.97
520000,85041,2005,5,2.5,3237.0,4.5,76.54
675000,85281,1982,3,2.5,2107.0,0.0,94.49
750000,85257,1957,3,2.0,1853.0,2.5,101.35
349900,85009,1947,3,2.0,1240.0,4.0,65.7
439999,85006,1944,3,2.0,1672.0,1.9,94.44
499997,85339,2005,5,2.5,2236.0,2.0,94.47
720000,85016,1955,4,2.0,2514.0,3.2,97.13
499000,85007,1931,3,1.0,716.0,1.6,94.44
965000,85028,1964,5,3.5,2694.0,0.6,99.97
334500,85009,1948,3,2.0,2461.0,4.0,65.7
649500,85251,1957,4,2.0,1410.0,0.0,101.35
385000,85031,1958,5,2.0,1977.0,2.4,100.04
435000,85032,1979,3,2.0,1364.0,3.2,99.97
569900,85029,1972,3,2.0,1610.0,3.3,91.9
895000,85051,2002,5,3.5,3029.0,4.3,91.9
690000,85023,1971,4,2.0,2182.0,3.4,91.9
474999,85009,1928,3,1.5,1178.0,4.0,65.7
369900,85020,1948,2,1.0,841.0,2.1,97.13
325000,85051,1953,3,1.0,1454.0,4.3,91.9
910000,85257,1956,4,3.0,2115.0,2.5,101.35
434900,85017,1952,4,2.0,1977.0,4.1,100.04
499000,85032,1979,3,2.0,1498.0,3.2,99.97
405000,85017,1958,3,1.75,1636.0,4.1,100.04
394900,85031,1957,5,2.0,1758.0,2.4,100.04
525000,85041,2005,4,3.5,3770.0,4.5,76.54
405000,85281,1970,3,2.0,1433.0,0.0,94.49
490000,85022,1960,4,2.0,1526.0,2.6,99.97
369900,85035,1972,4,2.0,1280.0,3.3,95.89
529900,85041,2009,4,3.0,2326.0,4.5,76.54
475000,85041,2017,4,2.0,2226.0,4.5,76.54
320000,85043,1982,4,1.0,1008.0,3.2,76.86
425000,85053,1974,4,2.0,1504.0,1.5,91.9
491000,85303,2019,3,2.0,1895.0,0.0,95.89
440000,85009,2019,4,3.0,1942.0,4.0,65.7
440000,85345,1989,3,2.0,1287.0,0.0,85.28
397900,85033,1960,4,2.0,1658.0,3.0,95.89
404000,85051,1971,3,2.0,1308.0,4.3,91.9
475000,85042,1987,5,2.0,1927.0,2.9,76.54
550000,85032,1978,3,2.0,1720.0,3.2,99.97
325000,85008,1937,4,1.5,1706.0,4.5,81.79
520000,85032,1978,3,2.0,1593.0,3.2,99.97
450000,85015,1953,4,3.0,2096.0,5.5,100.04
439000,85032,1969,3,2.0,1414.0,3.2,99.97
450000,85029,1961,5,2.0,1750.0,3.3,91.9
417000,85022,1984,2,2.0,1240.0,2.6,99.97
374999,85051,1954,3,2.0,1176.0,4.3,91.9
430000,85051,1971,3,2.0,1932.0,4.3,91.9
345000,85009,1955,3,2.0,1368.0,4.0,65.7
309000,85029,1974,3,2.0,1209.0,3.3,91.9
390000,85041,1970,6,3.0,1932.0,4.5,76.54
445000,85035,2014,3,2.0,1656.0,3.3,95.89
350000,85041,2004,2,1.0,950.0,4.5,76.54
525000,85301,1970,4,2.0,2878.0,0.0,100.04
380000,85008,1947,2,1.0,1033.0,4.5,81.79
375000,85043,2005,3,2.5,1609.0,3.2,76.86
575000,85015,1989,3,2.0,1485.0,5.5,100.04
468000,85041,2017,4,3.0,2357.0,4.5,76.54
470000,85015,1948,4,2.0,1626.0,5.5,100.04
445000,85051,1975,4,2.0,1560.0,4.3,91.9
775000,85018,1954,4,2.0,1554.0,2.2,75.8
345000,85009,1951,3,2.0,1134.0,4.0,65.7
429500,85043,2002,3,2.0,1587.0,3.2,76.86
374999,85029,1964,3,2.0,1285.0,3.3,91.9
490000,85029,1971,3,2.0,1590.0,3.3,91.9
299000,85009,1948,2,1.0,713.0,4.0,65.7
385000,85303,2003,3,2.0,1546.0,0.0,95.89
900000,85016,1947,4,3.5,2556.0,3.2,97.13
462000,85053,1978,3,2.0,1752.0,1.5,91.9
339900,85008,1950,2,2.0,740.0,4.5,81.79
435000,85021,1947,4,2.0,1719.0,2.8,91.9
720000,85016,1955,3,2.0,1436.0,3.2,97.13
415000,85020,1961,3,2.0,1120.0,2.1,97.13
530000,85014,1997,4,2.0,1578.0,1.9,97.13
750000,85018,1950,4,2.0,1688.0,2.2,75.8
650000,85006,1926,4,2.0,1840.0,1.9,94.44
355000,85040,1954,3,1.0,1040.0,2.8,76.54
460000,85302,1979,4,2.0,2040.0,0.0,91.9
550000,85016,1972,5,3.0,2343.0,3.2,97.13
750000,85016,1956,3,2.0,1412.0,3.2,97.13
345000,85009,1958,4,2.0,1225.0,4.0,65.7
615000,85013,1955,3,2.0,1414.0,2.0,72.93
455000,85302,1974,4,1.75,2052.0,0.0,91.9
435000,85051,1968,4,2.0,2088.0,4.3,91.9
450000,85041,2003,3,2.0,1317.0,4.5,76.54
365000,85301,1991,3,1.0,1012.0,0.0,100.04
650000,85016,1948,3,2.0,1722.0,3.2,97.13
399900,85033,1963,3,2.0,2064.0,3.0,95.89
320000,85041,1960,3,1.0,1150.0,4.5,76.54
440000,85041,2002,4,2.5,1830.0,4.5,76.54
917700,85014,2022,4,3.0,2322.0,1.9,97.13
277700,85301,1951,3,2.0,968.0,0.0,100.04
325000,85051,1955,3,2.0,1456.0,4.3,91.9
850000,85013,1951,4,2.0,1874.0,2.0,72.93
550000,85281,1960,5,1.75,2283.0,0.0,94.49
870000,85250,1980,3,2.0,1689.0,2.5,101.35
399997,85019,1962,4,3.0,2127.0,2.5,100.04
349999,85033,1960,3,1.5,1020.0,3.0,95.89
775000,85022,1977,4,2.0,2354.0,2.6,99.97
949900,85251,1957,3,2.0,1586.0,0.0,101.35
475000,85041,2002,4,2.0,1769.0,4.5,76.54
395000,85301,1960,5,2.0,1760.0,0.0,100.04
599000,85015,1952,3,2.0,936.0,5.5,100.04
379000,85303,1990,3,2.0,1797.0,0.0,95.89
419900,85016,1948,3,1.0,1218.0,3.2,97.13
425000,85303,2002,4,2.0,1729.0,0.0,95.89
429900,85019,1965,4,2.0,1742.0,2.5,100.04
319000,85031,1956,3,1.75,1135.0,2.4,100.04
415000,85040,2018,3,2.0,1596.0,2.8,76.54
395000,85041,2005,3,2.0,1900.0,4.5,76.54
575000,85304,2017,3,2.0,1851.0,0.2,91.9
499900,85008,1952,3,1.75,1569.0,4.5,81.79
699000,85029,1970,4,2.0,2428.0,3.3,91.9
775000,85018,1952,3,2.0,2120.0,2.2,75.8
525000,85004,2020,3,2.5,2290.0,1.2,94.44
470000,85043,2006,4,3.0,2405.0,3.2,76.86
370000,85033,1982,3,2.0,1565.0,3.0,95.89
449900,85032,1973,3,2.0,1066.0,3.2,99.97
377000,85019,1960,3,1.75,1276.0,2.5,100.04
415000,85037,1996,4,2.0,1462.0,1.9,85.28
524900,85020,1983,2,2.0,1602.0,2.1,97.13
239000,85008,1940,3,1.0,1336.0,4.5,81.79
750000,85018,1955,3,2.0,1452.0,2.2,75.8
410000,85033,1974,4,2.0,1994.0,3.0,95.89
469000,85015,1955,3,2.0,1619.0,5.5,100.04
405000,85031,1956,4,2.0,1386.0,2.4,100.04
395000,85031,1957,4,2.0,1704.0,2.4,100.04
438000,85020,1958,3,2.0,1092.0,2.1,97.13
380000,85029,1967,3,2.0,1334.0,3.3,91.9
430000,85041,2003,3,2.0,1759.0,4.5,76.54
499900,85020,1954,3,2.0,1680.0,2.1,97.13
858900,85250,1964,4,2.0,2209.0,2.5,101.35
610000,85016,1947,4,2.0,1508.0,3.2,97.13
599000,85302,1985,4,3.0,2828.0,0.0,91.9
449000,85043,2000,3,2.0,1621.0,3.2,76.86
420000,85301,1971,4,2.0,1964.0,0.0,100.04
379000,85041,1970,3,2.0,1300.0,4.5,76.54
699000,85032,1974,4,3.0,2150.0,3.2,99.97
380000,85345,1984,3,1.75,1288.0,0.0,85.28
410000,85302,1977,3,2.0,1884.0,0.0,91.9
412000,85008,1955,2,1.0,1014.5,4.5,81.79
725000,85020,1958,3,2.0,2030.0,2.1,97.13
355000,85031,1959,3,2.0,1320.0,2.4,100.04
715000,85053,1974,4,2.0,2725.0,1.5,91.9
419800,85303,1986,3,2.0,1473.0,0.0,95.89
250000,85007,1936,2,1.0,944.0,1.6,94.44
350000,85040,1950,4,2.0,2013.0,2.8,76.54
379999,85019,1959,4,2.0,1710.0,2.5,100.04
650000,85013,1954,4,3.0,2034.0,2.0,72.93
455000,85040,2021,5,2.0,1996.0,2.8,76.54
999900,85018,1962,4,3.5,2318.0,2.2,75.8
381000,85043,2004,4,4.0,1598.0,3.2,76.86
599000,85006,1935,3,2.0,1051.0,1.9,94.44
450000,85032,1974,3,2.0,1322.0,3.2,99.97
579999,85022,1978,4,2.5,2460.0,2.6,99.97
519000,85006,1950,4,2.0,1398.0,1.9,94.44
619000,85006,1945,4,2.0,1987.0,1.9,94.44
374995,85035,1975,4,2.0,1750.0,3.3,95.89
799999,85013,1947,3,3.0,2000.0,2.0,72.93
369900,85009,1955,3,2.0,1216.0,4.0,65.7
390000,85031,1957,4,2.0,1940.0,2.4,100.04
475000,85032,1971,4,2.0,1653.0,3.2,99.97
675000,85257,1955,3,2.0,1594.0,2.5,101.35
499900,85041,2017,4,2.0,1916.0,4.5,76.54
479500,85042,1999,3,2.0,1528.0,2.9,76.54
549000,85016,1949,3,2.0,2273.0,3.2,97.13
409000,85051,1964,4,2.0,1722.0,4.3,91.9
375000,85017,1958,3,1.75,2028.0,4.1,100.04
498000,85041,2005,3,2.0,1651.0,4.5,76.54
535000,85339,2014,4,2.5,2992.0,2.0,94.47
450000,85339,2003,4,2.5,2099.0,2.0,94.47
499000,85042,2013,4,2.5,1976.0,2.9,76.54
899000,85029,1969,3,2.0,1884.0,3.3,91.9
600000,85257,1959,4,2.0,2018.0,2.5,101.35
680000,85020,1956,3,2.0,1943.0,2.1,97.13
455000,85006,1925,3,2.0,1638.0,1.9,94.44
390000,85051,1971,3,1.75,1508.0,4.3,91.9
499999,85302,1974,4,2.5,2992.0,0.0,91.9
420000,85053,1978,3,2.0,1870.0,1.5,91.9
510000,85304,1979,3,2.0,1977.0,0.2,91.9
392000,85301,1955,3,2.0,1489.0,0.0,100.04
999999,85254,1975,5,3.5,3545.0,1.1,99.97
415000,85303,1973,4,1.0,1492.0,0.0,95.89
463000,85051,1980,3,2.0,1768.0,4.3,91.9
324990,85035,1975,3,2.0,1064.0,3.3,95.89
498700,85019,1968,4,3.5,2320.0,2.5,100.04
419900,85301,2004,3,2.0,1092.0,0.0,100.04
524900,85022,1956,3,2.0,1728.0,2.6,99.97
455000,85031,1956,5,3.0,1941.0,2.4,100.04
344900,85041,1971,4,2.0,1401.0,4.5,76.54
354900,85017,1955,3,1.5,1591.0,4.1,100.04
699900,85251,1960,3,2.0,1560.0,0.0,101.35
699300,85014,1949,3,2.0,1432.0,1.9,97.13
475000,85029,1965,3,2.0,1940.0,3.3,91.9
695000,85022,1998,3,2.5,2697.0,2.6,99.97
890000,85028,1974,4,2.0,2256.0,0.6,99.97
295375,85040,1958,3,1.0,918.0,2.8,76.54
849988,85018,1954,3,2.5,1609.0,2.2,75.8
625000,85015,1951,3,2.0,1279.0,5.5,100.04
350000,85051,1953,3,1.5,1116.0,4.3,91.9
625000,85257,1958,3,2.0,1356.0,2.5,101.35
360000,85303,1976,2,1.0,1482.0,0.0,95.89
399900,85303,2006,4,2.0,1872.0,0.0,95.89
775000,85028,1976,3,2.0,2186.0,0.6,99.97
380000,85035,2016,3,3.5,1661.0,3.3,95.89
899000,85018,1960,4,3.0,2500.0,2.2,75.8
545000,85339,2015,3,2.0,1776.0,2.0,94.47
699900,85032,1962,4,3.0,2232.0,3.2,99.97
354900,85033,1961,3,2.0,1200.0,3.0,95.89
675000,85014,1951,3,2.0,1702.0,1.9,97.13
380001,85301,2003,3,2.0,1237.0,0.0,100.04
925000,85028,1970,4,2.0,3030.0,0.6,99.97
349900,85007,1915,5,4.0,2000.0,1.6,94.44
529900,85281,1966,4,2.0,1428.0,0.0,94.49
450000,85041,2006,4,2.0,1810.0,4.5,76.54
449900,85051,1969,3,2.0,1622.0,4.3,91.9
479000,85029,1980,4,2.0,2022.0,3.3,91.9
399000,85004,2021,3,2.0,1139.0,1.2,94.44
765000,85251,1968,3,2.0,1747.0,0.0,101.35
395000,85043,2003,3,2.0,1285.0,3.2,76.86
723000,85257,1957,4,2.0,1659.0,2.5,101.35
499900,85339,2006,4,3.0,2462.0,2.0,94.47
525000,85007,1938,3,1.75,1234.0,1.6,94.44
399900,85053,1989,3,2.0,1178.0,1.5,91.9
465000,85012,1940,3,1.0,1122.0,0.6,72.93
975000,85251,1965,3,2.0,1543.0,0.0,101.35
374999,85051,1966,3,2.0,1423.0,4.3,91.9
495000,85306,1984,4,2.0,2055.0,0.3,91.9
550000,85254,1977,3,2.0,1362.0,1.1,99.97
440000,85303,2002,3,2.5,1866.0,0.0,95.89
375000,85029,1995,3,2.0,1530.0,3.3,91.9
360000,85029,1978,3,2.0,1768.0,3.3,91.9
375000,85029,1971,4,1.75,1740.0,3.3,91.9
530000,85020,2017,2,2.0,1360.0,2.1,97.13
510000,85303,2001,4,2.5,2456.0,0.0,95.89
410000,85302,2006,3,2.5,1862.0,0.0,91.9
890718,85016,2021,4,3.0,2245.0,3.2,97.13
450000,85015,1954,4,3.0,2177.0,5.5,100.04
499900,85007,1934,3,2.0,1130.0,1.6,94.44
275000,85040,1945,2,1.0,618.0,2.8,76.54
891000,85254,1986,3,2.0,2505.0,1.1,99.97
335000,85040,1947,3,2.0,909.0,2.8,76.54
589000,85022,1978,3,2.0,1474.0,2.6,99.97
650000,85014,1954,3,3.0,1714.0,1.9,97.13
450000,85008,1947,3,2.0,1326.0,4.5,81.79
612000,85008,1954,4,2.5,2045.0,4.5,81.79
325000,85029,1983,3,2.0,1377.0,3.3,91.9
520000,85023,1975,4,1.75,1845.0,3.4,91.9
495000,85016,1945,2,1.0,1247.0,3.2,97.13
699000,85032,1976,3,2.0,1589.0,3.2,99.97
400000,85019,1959,3,2.0,2122.0,2.5,100.04
405000,85302,1998,3,2.0,1373.0,0.0,91.9
465000,85009,1940,4,2.0,2126.0,4.0,65.7
799000,85016,1945,3,2.0,1750.0,3.2,97.13
359000,85053,1961,3,2.0,959.0,1.5,91.9
660000,85041,1970,12,6.0,3604.0,4.5,76.54
335000,85306,1984,2,2.0,1195.0,0.3,91.9
415000,85015,1953,3,2.0,1650.0,5.5,100.04
615000,85306,1978,3,2.0,1852.0,0.3,91.9
549000,85013,1955,3,2.0,1406.0,2.0,72.93
365000,85033,1973,4,2.0,1300.0,3.0,95.89
369900,85051,1961,4,1.75,1729.0,4.3,91.9
589000,85020,1958,3,2.0,1619.0,2.1,97.13
480000,85304,1981,3,2.0,1715.0,0.2,91.9
714900,85020,1962,4,2.5,1944.0,2.1,97.13
540000,85042,2016,3,2.5,2141.0,2.9,76.54
535000,85053,1979,3,2.0,2274.0,1.5,91.9
460000,85015,1948,3,2.0,1635.0,5.5,100.04
329900,85035,1972,3,2.0,1308.0,3.3,95.89
429900,85042,1986,3,2.0,1454.0,2.9,76.54
355000,85006,1950,3,1.0,1125.0,1.9,94.44
389900,85007,1916,3,2.0,1340.0,1.6,94.44
513000,85021,2018,3,2.0,1450.0,2.8,91.9
310000,85031,1955,3,2.0,1331.0,2.4,100.04
385000,85033,1972,4,3.0,1600.0,3.0,95.89
550000,85041,2005,4,3.5,3770.0,4.5,76.54
300000,85031,1955,3,2.0,1440.0,2.4,100.04
388000,85017,1962,3,1.5,1540.0,4.1,100.04
459000,85303,2004,4,2.0,1847.0,0.0,95.89
875000,85258,1993,3,2.0,2062.0,0.0,101.35
660000,85018,1952,3,2.0,1374.0,2.2,75.8
430000,85006,2022,3,2.0,1500.0,1.9,94.44
265000,85035,1973,3,1.75,1552.0,3.3,95.89
185000,85009,1912,2,1.0,949.0,4.0,65.7
630000,85281,1962,3,2.0,1513.0,0.0,94.49
409900,85033,1962,5,2.0,2237.0,3.0,95.89
770000,85281,1980,4,3.0,2444.0,0.0,94.49
424900,85051,1960,4,2.0,1589.0,4.3,91.9
578000,85014,1943,2,2.0,1200.0,1.9,97.13
469900,85032,1979,3,2.0,1643.0,3.2,99.97
709000,85041,2021,4,3.0,2878.0,4.5,76.54
675000,85041,2002,4,3.0,3159.0,4.5,76.54
499000,85022,1986,3,2.0,1593.0,2.6,99.97
515000,85339,2006,3,2.0,2225.0,2.0,94.47
489000,85006,1950,4,3.0,1732.0,1.9,94.44
824000,85022,1979,4,3.0,2432.0,2.6,99.97
650000,85003,1986,7,4.0,3629.0,1.1,94.44
455000,85051,2002,3,2.0,1791.0,4.3,91.9
505000,85042,2016,3,3.0,1851.0,2.9,76.54
829000,85022,1973,3,2.0,2511.0,2.6,99.97
374000,85029,1961,3,2.0,1500.0,3.3,91.9
445000,85302,1996,3,2.0,1775.0,0.0,91.9
775000,85258,1975,3,2.0,1941.0,0.0,101.35
799000,85016,1950,3,3.0,2056.0,3.2,97.13
805000,85018,1953,3,2.0,1436.0,2.2,75.8
999000,85257,1958,4,2.0,2029.0,2.5,101.35
521000,85040,2020,4,2.0,2031.0,2.8,76.54
447000,85040,1950,4,3.0,2559.0,2.8,76.54
549000,85020,1954,4,2.0,1900.0,2.1,97.13
405000,85051,1975,4,2.0,1927.0,4.3,91.9
437000,85035,1971,4,2.0,2247.0,3.3,95.89
561000,85006,1930,3,2.0,1054.0,1.9,94.44
440000,85302,1986,3,2.0,1273.0,0.0,91.9
490000,85281,1954,3,1.0,1520.0,0.0,94.49
995000,85016,1976,3,2.0,1433.0,3.2,97.13
399900,85345,1985,3,1.75,1288.0,0.0,85.28
289900,85008,1952,2,1.0,748.0,4.5,81.79
995000,85029,1980,4,2.0,2584.0,3.3,91.9
814444,85023,1976,5,2.0,2509.0,3.4,91.9
500000,85032,1971,3,2.0,1698.0,3.2,99.97
729900,85020,1977,4,3.0,2300.0,2.1,97.13
799995,85007,1946,3,3.0,1748.0,1.6,94.44
390000,85021,1959,3,2.0,1429.0,2.8,91.9
550000,85281,1963,4,1.5,1684.0,0.0,94.49
525000,85013,1951,3,1.5,1580.0,2.0,72.93
477000,85041,2016,5,3.0,2315.0,4.5,76.54
739900,85022,1988,4,2.0,2274.0,2.6,99.97
750000,85022,1981,4,2.0,2640.0,2.6,99.97
358500,85035,1969,3,2.0,1260.0,3.3,95.89
430000,85303,1999,2,2.0,1287.0,0.0,95.89
525000,85302,1973,4,2.0,2023.0,0.0,91.9
660000,85006,1944,4,3.0,1501.0,1.9,94.44
450000,85304,1988,3,2.0,1719.0,0.2,91.9
604000,85042,2014,3,2.0,2214.0,2.9,76.54
521000,85041,2014,3,3.0,2235.0,4.5,76.54
505000,85051,1970,4,2.0,2003.0,4.3,91.9
429000,85306,1986,3,2.0,1435.0,0.3,91.9
391000,85009,1948,3,1.0,1230.0,4.0,65.7
708000,85020,1956,3,2.0,1728.0,2.1,97.13
485000,85013,1950,3,2.0,1302.0,2.0,72.93
480000,85029,1979,4,2.0,1648.0,3.3,91.9
528000,85015,1948,3,2.0,1362.0,5.5,100.04
364000,85029,1960,3,2.0,1092.0,3.3,91.9
356000,85035,1964,4,2.0,1276.0,3.3,95.89
423000,85304,1983,2,2.0,1162.0,0.2,91.9
470000,85302,1986,4,2.0,1963.0,0.0,91.9
485000,85304,1984,3,2.5,1629.0,0.2,91.9
487000,85015,1952,4,2.0,2035.0,5.5,100.04
534999,85022,1963,4,2.0,2240.0,2.6,99.97
429900,85033,1972,4,1.75,1856.0,3.0,95.89
675000,85032,1987,4,2.0,2248.0,3.2,99.97
425000,85051,1969,3,2.0,1552.0,4.3,91.9
675000,85020,1967,4,3.0,2340.0,2.1,97.13
649900,85028,1963,3,2.0,1680.0,0.6,99.97
515000,85339,2005,5,2.5,3207.0,2.0,94.47
685000,85028,1971,3,2.0,1889.0,0.6,99.97
365000,85041,1963,3,2.0,1290.0,4.5,76.54
514900,85016,1956,3,2.0,1486.0,3.2,97.13
699000,85303,2013,5,3.0,3804.0,0.0,95.89
510000,85032,1971,3,1.75,1575.0,3.2,99.97
464999,85006,1930,4,1.0,1190.0,1.9,94.44
415000,85040,1960,5,3.0,1942.0,2.8,76.54
486000,85042,2004,3,2.0,1465.0,2.9,76.54
400000,85032,1974,3,2.0,1144.0,3.2,99.97
427000,85003,1940,5,2.0,1995.0,1.1,94.44
519900,85032,1962,3,2.0,1375.0,3.2,99.97
388900,85008,1949,2,1.0,858.0,4.5,81.79
460000,85339,2017,3,3.0,1702.0,2.0,94.47
589000,85051,1954,4,2.0,1811.0,4.3,91.9
420000,85051,1961,3,2.0,1818.0,4.3,91.9
530000,85016,1955,2,1.0,1054.0,3.2,97.13
510000,85043,2005,5,3.5,2834.0,3.2,76.86
475000,85051,1976,3,3.0,2096.0,4.3,91.9
524900,85051,1967,4,3.0,2400.0,4.3,91.9
545000,85051,1970,4,2.0,2470.0,4.3,91.9
595000,85029,1971,4,3.0,2306.0,3.3,91.9
515000,85021,1957,3,2.0,1550.0,2.8,91.9
399000,85042,1972,4,2.0,1375.0,2.9,76.54
380000,85345,1986,3,2.0,1288.0,0.0,85.28
599000,85014,1952,3,1.0,1768.0,1.9,97.13
315000,85006,1956,3,1.0,1335.0,1.9,94.44
415000,85017,1970,3,2.0,1779.0,4.1,100.04
310000,85035,1978,3,2.0,1588.0,3.3,95.89
399000,85053,1972,3,2.0,1824.0,1.5,91.9
464900,85008,2019,4,2.0,1553.0,4.5,81.79
499000,85023,1973,4,1.75,1457.0,3.4,91.9
750000,85028,1968,3,2.0,1780.0,0.6,99.97
730000,85281,1981,3,2.5,2107.0,0.0,94.49
429944,85042,1927,3,1.0,1100.0,2.9,76.54
489900,85033,1958,5,3.0,2141.0,3.0,95.89
325000,85006,1935,3,1.75,1260.0,1.9,94.44
615000,85020,1954,3,1.75,1531.0,2.1,97.13
250000,85040,1949,3,2.0,1192.0,2.8,76.54
355000,85301,1959,4,2.0,1573.0,0.0,100.04
499000,85042,2004,3,2.0,2170.0,2.9,76.54
490000,85302,1980,3,2.0,1806.0,0.0,91.9
405000,85029,1970,3,1.75,1590.0,3.3,91.9
434900,85033,1970,4,2.0,1864.0,3.0,95.89
419000,85008,1953,3,1.0,1236.0,4.5,81.79
349900,85017,1952,3,1.5,1180.0,4.1,100.04
596000,85013,1956,3,2.0,1513.0,2.0,72.93
450000,85009,1959,4,2.0,1610.0,4.0,65.7
350000,85033,1969,3,2.0,1240.0,3.0,95.89
630000,85032,1977,3,1.75,1667.0,3.2,99.97
480000,85302,1999,3,2.0,1596.0,0.0,91.9
599900,85008,1955,3,2.0,1765.0,4.5,81.79
750000,85251,1996,3,2.0,1899.0,0.0,101.35
480000,85008,1958,3,2.0,1355.0,4.5,81.79
389000,85029,1970,3,1.75,1734.0,3.3,91.9
466000,85021,1947,4,2.0,1652.0,2.8,91.9
469990,85033,2016,4,2.75,1985.0,3.0,95.89
999000,85251,1961,3,2.0,1786.0,0.0,101.35
499000,85012,1940,3,2.0,2413.0,0.6,72.93
399900,85301,1963,3,2.0,1412.0,0.0,100.04
420000,85041,2004,3,2.5,2103.0,4.5,76.54
650000,85014,1954,3,2.0,1126.0,1.9,97.13
759900,85022,1994,4,3.0,2514.0,2.6,99.97
559000,85014,1956,3,2.0,1778.0,1.9,97.13
429900,85304,1984,3,1.75,1427.0,0.2,91.9
625000,85022,1978,3,2.0,1537.0,2.6,99.97
685000,85021,1958,3,2.5,2225.0,2.8,91.9
320000,85301,1953,4,2.0,1214.0,0.0,100.04
410000,85031,1958,5,2.0,2479.0,2.4,100.04
514900,85281,1961,4,2.5,1372.0,0.0,94.49
389000,85031,1956,4,3.0,1537.0,2.4,100.04
379900,85033,1969,3,2.0,1540.0,3.0,95.89
369000,85035,1963,4,2.0,1628.0,3.3,95.89
390000,85041,2004,3,2.0,1429.0,4.5,76.54
395000,85031,1960,5,2.5,1848.0,2.4,100.04
400000,85303,2003,3,2.0,1492.0,0.0,95.89
499500,85040,1963,4,3.0,1728.0,2.8,76.54
525000,85042,2011,3,2.5,2074.0,2.9,76.54
679900,85028,1974,3,2.0,1704.0,0.6,99.97
775000,85003,1951,3,2.0,1892.0,1.1,94.44
525000,85042,2003,4,2.0,1998.0,2.9,76.54
645000,85020,1953,4,3.0,1910.0,2.1,97.13
579000,85034,2022,4,2.0,2050.0,1.9,68.34
524900,85008,1955,3,2.0,1436.0,4.5,81.79
465000,85042,2016,3,2.5,1538.0,2.9,76.54
399900,85022,1983,2,2.0,1256.0,2.6,99.97
573900,85032,1978,4,2.0,1792.0,3.2,99.97
465000,85304,1974,3,3.0,1938.0,0.2,91.9
565000,85041,2014,3,3.5,3465.0,4.5,76.54
365000,85017,1954,3,2.0,1121.0,4.1,100.04
359900,85035,1970,3,2.0,1260.0,3.3,95.89
590000,85257,1964,3,2.0,1552.0,2.5,101.35
349900,85029,1959,3,2.0,1376.0,3.3,91.9
979999,85305,2003,5,3.0,4058.0,2.5,85.28
359900,85345,1982,2,1.0,918.0,0.0,85.28
360000,85035,2013,4,2.5,1598.0,3.3,95.89
899000,85257,1952,3,2.0,1713.0,2.5,101.35
675000,85016,1952,3,2.0,1517.0,3.2,97.13
675000,85016,1953,3,2.0,1550.0,3.2,97.13
700000,85016,1952,3,1.0,1152.0,3.2,97.13
700000,85016,1952,3,1.0,1550.0,3.2,97.13
301900,85034,1951,3,2.0,985.0,1.9,68.34
449900,85303,2012,4,2.5,2047.0,0.0,95.89
769000,85251,1988,4,3.0,2448.0,0.0,101.35
590000,85008,1954,3,2.0,1427.0,4.5,81.79
315000,85040,1946,4,2.0,1430.0,2.8,76.54
487500,85029,1962,4,1.75,1412.0,3.3,91.9
569000,85304,1978,3,3.0,2015.0,0.2,91.9
330000,85019,1959,4,2.0,1325.0,2.5,100.04
459700,85303,1999,3,2.5,1457.0,0.0,95.89
487000,85304,1974,5,2.0,1836.0,0.2,91.9
325000,85301,1950,2,1.0,1101.0,0.0,100.04
599900,85028,2018,3,2.5,1850.0,0.6,99.97
417000,85006,1935,2,2.0,960.0,1.9,94.44
400000,85339,2002,3,2.0,1522.0,2.0,94.47
365000,85019,1959,3,2.0,1416.0,2.5,100.04
465000,85009,1954,5,3.0,3197.0,4.0,65.7
682000,85032,1996,3,2.5,2296.0,3.2,99.97
429000,85043,2001,3,2.5,1828.0,3.2,76.86
309500,85009,1948,1,2.0,840.0,4.0,65.7
675000,85007,1925,4,2.0,1661.0,1.6,94.44
439000,85015,1952,4,2.0,1605.0,5.5,100.04
285000,85007,1952,3,1.0,878.0,1.6,94.44
470000,85006,1945,2,1.0,532.0,1.9,94.44
799900,85014,1953,3,2.0,2082.0,1.9,97.13
385000,85301,1948,3,2.0,1386.0,0.0,100.04
499900,85281,1976,3,2.0,1360.0,0.0,94.49
740000,85014,1949,4,3.0,2199.0,1.9,97.13
336900,85033,1960,4,2.0,1900.0,3.0,95.89
415000,85022,1997,3,2.0,1534.0,2.6,99.97
460000,85015,1958,4,2.0,1482.0,5.5,100.04
499000,85029,1969,3,2.0,1695.0,3.3,91.9
350000,85022,1976,2,1.75,1240.0,2.6,99.97
400000,85029,1968,3,2.0,1430.0,3.3,91.9
489900,85339,2004,3,2.0,1866.0,2.0,94.47
699000,85028,1971,3,2.0,2130.0,0.6,99.97
350000,85033,1961,4,1.75,1138.0,3.0,95.89
481000,85302,1976,4,2.0,2004.0,0.0,91.9
790000,85003,2021,4,3.0,2538.0,1.1,94.44
479900,85029,1970,4,2.0,2329.0,3.3,91.9
265000,85040,1951,2,1.0,826.0,2.8,76.54
550000,85006,2006,3,2.0,1460.0,1.9,94.44
435000,85041,2005,3,2.5,1939.0,4.5,76.54
775000,85013,1955,3,3.0,1974.0,2.0,72.93
440000,85014,1952,3,2.0,1040.0,1.9,97.13
479900,85042,1989,4,3.0,1874.0,2.9,76.54
499000,85022,1970,3,2.0,1813.0,2.6,99.97
850000,85020,1954,4,2.5,2163.0,2.1,97.13
389000,85022,1990,2,2.0,1078.0,2.6,99.97
375000,85040,2004,4,2.5,1580.0,2.8,76.54
404000,85031,1956,4,1.75,1695.0,2.4,100.04
440000,85302,1973,4,2.0,1314.0,0.0,91.9
490000,85042,2003,3,2.0,2170.0,2.9,76.54
599900,85015,1961,4,2.0,1716.0,5.5,100.04
219900,85040,1950,2,1.0,563.0,2.8,76.54
790000,85022,1979,4,2.0,2046.0,2.6,99.97
559000,85022,1994,4,2.5,2284.0,2.6,99.97
895000,85020,1956,3,3.0,2010.0,2.1,97.13
479900,85041,2003,3,2.0,2040.0,4.5,76.54
315000,85009,1948,2,1.0,792.0,4.0,65.7
389999,85031,1957,4,2.0,1692.0,2.4,100.04
340000,85017,1952,3,2.0,1092.0,4.1,100.04
379999,85017,1954,3,1.75,1484.0,4.1,100.04
359900,85051,1975,3,2.0,1513.0,4.3,91.9
849000,85257,1965,3,1.75,2128.0,2.5,101.35
480000,85029,1979,3,2.0,1442.0,3.3,91.9
835000,85020,1952,5,3.0,2653.0,2.1,97.13
749000,85254,1973,3,2.0,1518.0,1.1,99.97
575000,85020,1970,3,1.75,1960.0,2.1,97.13
699000,85018,1950,2,1.0,1007.0,2.2,75.8
300000,85041,1946,2,1.0,762.0,4.5,76.54
759000,85251,1974,4,2.0,1937.0,0.0,101.35
439900,85023,1959,3,2.0,1901.0,3.4,91.9
420000,85302,1979,3,1.75,1512.0,0.0,91.9
519000,85303,2021,4,2.0,1790.0,0.0,95.89
379900,85020,1946,2,1.0,816.0,2.1,97.13
799000,85254,1978,3,2.0,1817.0,1.1,99.97
449000,85303,2003,3,2.0,1875.0,0.0,95.89
740000,85032,1991,5,3.0,3009.0,3.2,99.97
465000,85006,1973,4,2.0,1344.0,1.9,94.44
419900,85017,1973,4,1.75,1632.0,4.1,100.04
610000,85040,2017,5,3.0,2903.0,2.8,76.54
960000,85012,1980,3,3.0,3041.0,0.6,72.93
350000,85035,1972,4,2.0,1726.0,3.3,95.89
990000,85012,1963,3,2.5,2580.0,0.6,72.93
996368,85042,2019,4,3.5,2807.0,2.9,76.54
900000,85016,1958,4,2.0,1951.0,3.2,97.13
405000,85303,2003,3,2.0,1546.0,0.0,95.89
395000,85029,1979,3,2.0,1554.0,3.3,91.9
435000,85021,1998,3,2.0,1414.0,2.8,91.9
462000,85302,1996,4,2.5,2161.0,0.0,91.9
699900,85013,1952,4,3.0,2200.0,2.0,72.93
350000,85009,1948,3,2.0,1291.0,4.0,65.7
460000,85051,1966,3,2.0,1991.0,4.3,91.9
364995,85051,1954,4,2.0,1200.0,4.3,91.9
875000,85013,1954,4,3.0,2862.0,2.0,72.93
354995,85009,1970,4,2.0,1200.0,4.0,65.7
259000,85041,1956,3,1.0,1271.0,4.5,76.54
340000,85017,1952,4,1.0,1575.0,4.1,100.04
390000,85043,2006,3,2.0,1532.0,3.2,76.86
464900,85033,1983,4,3.0,1742.0,3.0,95.89
425000,85304,1982,3,1.75,1546.0,0.2,91.9
850000,85305,2001,7,3.5,3967.0,2.5,85.28
275000,85041,1971,2,1.0,875.0,4.5,76.54
999000,85281,1939,3,2.5,1367.0,0.0,94.49
479900,85302,1976,4,2.0,2447.0,0.0,91.9
660000,85016,1957,3,2.0,1890.0,3.2,97.13
430000,85051,1966,3,2.0,1688.0,4.3,91.9
630000,85257,1971,5,2.0,1734.0,2.5,101.35
369900,85019,1960,3,2.0,1407.0,2.5,100.04
589900,85302,1971,5,3.5,2475.0,0.0,91.9
330000,85041,1972,4,2.0,1292.0,4.5,76.54
699900,85029,1971,5,3.0,2323.0,3.3,91.9
699900,85254,1977,3,2.0,1744.0,1.1,99.97
445000,85302,1977,4,2.75,1780.0,0.0,91.9
474000,85304,1971,4,2.0,1834.0,0.2,91.9
385000,85035,1971,4,2.0,1422.0,3.3,95.89
409000,85029,1969,3,2.0,1425.5,3.3,91.9
489900,85303,1990,3,2.0,1795.0,0.0,95.89
350000,85031,1955,3,2.0,1452.0,2.4,100.04
325000,85301,1960,2,1.0,896.0,0.0,100.04
399999,85033,1974,4,2.0,1782.0,3.0,95.89
374950,85031,1956,4,2.5,1793.0,2.4,100.04
895000,85016,2017,3,2.5,2104.0,3.2,97.13
349999,85009,1954,3,1.0,1214.0,4.0,65.7
399900,85303,1991,3,2.0,1277.0,0.0,95.89
410000,85303,2004,3,2.0,1458.0,0.0,95.89
380000,85009,1971,4,2.0,1565.0,4.0,65.7
410000,85006,1958,4,2.0,1266.0,1.9,94.44
340000,85017,1970,4,1.75,1494.0,4.1,100.04
376000,85043,1982,3,2.0,1146.0,3.2,76.86
399000,85303,1976,4,2.0,1603.0,0.0,95.89
350000,85035,1972,4,2.0,1350.0,3.3,95.89
359900,85021,1942,3,2.0,861.0,2.8,91.9
630000,85014,1979,3,2.5,1923.0,1.9,97.13
475000,85041,2005,5,3.0,2750.0,4.5,76.54
499999,85023,2008,3,2.5,1871.0,3.4,91.9
320000,85017,1951,3,1.5,1350.0,4.1,100.04
314999,85009,1946,4,2.0,850.0,4.0,65.7
399900,85015,1950,4,2.0,1702.0,5.5,100.04
750000,85008,1955,4,2.0,2130.0,4.5,81.79
422000,85021,1948,4,2.0,1420.0,2.8,91.9
405000,85051,1971,4,2.0,1734.0,4.3,91.9
450000,85053,1976,3,2.0,1833.0,1.5,91.9
423000,85304,1978,3,2.0,1372.0,0.2,91.9
369900,85022,1955,3,2.0,1188.0,2.6,99.97
370000,85037,1974,3,2.0,1651.0,1.9,85.28
704999,85257,1958,3,2.0,2000.0,2.5,101.35
519999,85041,2017,5,3.0,2801.0,4.5,76.54
669995,85016,1930,3,2.0,2362.0,3.2,97.13
360000,85035,1972,3,2.0,1289.0,3.3,95.89
489000,85042,1996,3,2.0,1886.0,2.9,76.54
995000,85020,1962,4,3.0,2500.0,2.1,97.13
445000,85302,1986,3,1.75,1716.0,0.0,91.9
765000,85257,1958,3,2.0,1822.0,2.5,101.35
395000,85035,2013,4,2.5,1598.0,3.3,95.89
730000,85018,1954,3,2.0,1656.0,2.2,75.8
495000,85339,2006,4,2.5,2828.0,2.0,94.47
900000,85306,1969,5,3.5,2388.0,0.3,91.9
650000,85020,1964,4,2.5,2500.0,2.1,97.13
375000,85040,2004,4,2.5,1534.0,2.8,76.54
739900,85257,2019,3,2.5,2005.0,2.5,101.35
714800,85022,1979,3,2.0,2393.0,2.6,99.97
630000,85015,1958,4,2.0,1795.0,5.5,100.04
549900,85006,1947,2,1.0,1520.0,1.9,94.44
900000,85022,1995,5,3.5,3900.0,2.6,99.97
425000,85020,1956,3,2.0,1332.0,2.1,97.13
462320,85304,1980,3,2.0,1822.0,0.2,91.9
315000,85033,1976,3,2.0,1412.0,3.0,95.89
500000,85006,1915,2,1.0,945.0,1.9,94.44
669900,85021,1973,3,2.0,2180.0,2.8,91.9
430000,85302,2001,3,2.0,1624.0,0.0,91.9
565000,85022,1977,3,2.0,1796.0,2.6,99.97
699000,85041,1950,3,2.0,2182.0,4.5,76.54
349900,85043,2018,3,2.5,1352.0,3.2,76.86
364000,85301,1959,3,2.0,1717.0,0.0,100.04
432000,85041,2002,3,2.0,1598.0,4.5,76.54
925000,85028,1975,4,3.0,2170.0,0.6,99.97
585000,85302,1999,4,3.5,2250.0,0.0,91.9
280000,85009,1931,2,1.0,624.0,4.0,65.7
375000,85043,1976,3,1.0,1192.0,3.2,76.86
699999,85042,2019,3,2.5,2261.0,2.9,76.54
450000,85053,1969,4,2.0,1981.0,1.5,91.9
480000,85029,1969,4,2.0,1844.0,3.3,91.9
999990,85016,2022,5,4.5,2700.0,3.2,97.13
269999,85041,1960,3,2.0,1044.0,4.5,76.54
580000,85023,2009,3,2.5,2446.0,3.4,91.9
479900,85014,1950,3,1.0,1380.0,1.9,97.13
250000,85040,1950,1,1.0,442.0,2.8,76.54
799900,85003,1940,2,2.0,1736.0,1.1,94.44
359995,85035,1972,4,2.0,1555.0,3.3,95.89
359995,85040,1948,4,2.0,1452.0,2.8,76.54
350000,85003,2022,3,2.0,976.0,1.1,94.44
925000,85254,1977,4,2.0,2148.0,1.1,99.97
899900,85339,2006,4,3.0,2423.0,2.0,94.47
374995,85051,1955,3,2.0,1761.0,4.3,91.9
360000,85031,1958,4,2.0,1680.0,2.4,100.04
409000,85043,1948,3,1.75,1194.0,3.2,76.86
550000,85053,1969,4,2.0,2146.0,1.5,91.9
950000,85016,1965,4,2.5,2218.0,3.2,97.13
402000,85051,2014,3,3.5,1758.0,4.3,91.9
369900,85031,1954,4,2.0,1565.0,2.4,100.04
410000,85304,1979,3,2.0,1537.0,0.2,91.9
650000,85014,1993,3,2.0,1998.0,1.9,97.13
365000,85302,1974,3,2.0,1486.0,0.0,91.9
540000,85032,1999,3,2.0,1554.0,3.2,99.97
1000000,85016,1965,3,2.0,2334.0,3.2,97.13
439000,85019,1966,3,2.0,1365.0,2.5,100.04
450000,85345,1983,3,2.0,1338.0,0.0,85.28
340000,85041,1999,3,2.0,1300.0,4.5,76.54
675000,85257,1960,3,2.0,1423.0,2.5,101.35
510000,85015,1948,3,2.0,1368.0,5.5,100.04
999000,85257,1969,4,2.0,2560.0,2.5,101.35
319000,85040,1973,4,2.0,1154.0,2.8,76.54
654990,85021,1972,3,2.0,1727.0,2.8,91.9
649900,85020,1975,4,3.0,2002.0,2.1,97.13
399000,85029,1972,4,2.0,1584.0,3.3,91.9
374000,85301,1960,4,1.5,1500.0,0.0,100.04
750000,85251,1957,3,2.0,1545.0,0.0,101.35
425000,85016,1945,2,1.0,1000.0,3.2,97.13
554900,85015,1969,1,2.0,2678.0,5.5,100.04
444000,85033,1979,3,2.0,1390.0,3.0,95.89
425000,85033,1963,5,2.0,1850.0,3.0,95.89
410000,85302,1978,4,2.0,1787.0,0.0,91.9
699972,85028,1974,4,3.0,2427.0,0.6,99.97
400000,85029,1973,4,2.0,1871.0,3.3,91.9
565000,85006,1926,2,1.0,845.0,1.9,94.44
512000,85281,1977,4,2.0,1952.0,0.0,94.49
380000,85339,2016,2,2.0,1402.0,2.0,94.47
437000,85021,1947,4,2.0,1392.0,2.8,91.9
550000,85006,1940,3,2.0,1467.0,1.9,94.44
420000,85302,1975,3,2.0,1592.0,0.0,91.9
599000,85041,2004,5,3.5,3763.0,4.5,76.54
400000,85041,2006,3,2.5,1584.0,4.5,76.54
589900,85023,1994,4,2.5,2111.0,3.4,91.9
280000,85009,1948,3,1.0,1116.0,4.0,65.7
310000,85017,1954,3,1.0,1584.0,4.1,100.04
385000,85303,2001,3,2.0,1350.0,0.0,95.89
350000,85042,2009,3,2.0,1377.0,2.9,76.54
995000,85028,1985,3,2.5,2802.0,0.6,99.97
360000,85306,1973,3,2.0,1288.0,0.3,91.9
610000,85251,1958,3,2.0,1503.0,0.0,101.35
900000,85021,1949,4,3.0,3157.0,2.8,91.9
299900,85051,1953,3,1.0,1056.0,4.3,91.9
829900,85020,2023,3,2.5,2186.0,2.1,97.13
400000,85051,2018,3,2.5,1490.0,4.3,91.9
550000,85015,1951,4,2.0,1890.0,5.5,100.04
494000,85040,2022,4,3.0,2215.0,2.8,76.54
697000,85022,1983,3,2.0,1961.0,2.6,99.97
599000,85023,1979,3,2.5,2002.0,3.4,91.9
420000,85033,1982,3,2.0,1560.0,3.0,95.89
565000,85023,1979,3,2.0,1912.0,3.4,91.9
420000,85051,1960,3,2.0,1440.0,4.3,91.9
866000,85020,2006,6,4.0,2889.0,2.1,97.13
340000,85035,1978,5,3.0,2016.0,3.3,95.89
465000,85302,1986,3,3.0,1755.0,0.0,91.9
445000,85006,1921,2,1.0,825.0,1.9,94.44
688000,85022,1980,6,5.0,3841.0,2.6,99.97
479900,85053,1973,3,2.0,1510.0,1.5,91.9
695000,85016,1954,3,2.0,1650.0,3.2,97.13
879900,85028,1984,5,3.0,2862.0,0.6,99.97
345000,85019,1960,3,1.75,1512.0,2.5,100.04
600000,85032,1999,3,2.0,1554.0,3.2,99.97
599800,85022,1973,3,2.0,2342.0,2.6,99.97
915000,85016,2022,4,4.5,2530.0,3.2,97.13
495000,85040,2007,3,2.5,1951.0,2.8,76.54
539000,85041,2005,4,2.5,3181.0,4.5,76.54
465000,85006,1930,2,1.0,1018.0,1.9,94.44
499980,85015,2021,4,2.0,1548.0,5.5,100.04
658999,85345,2020,4,3.0,2624.0,0.0,85.28
455000,85302,1978,3,2.0,1435.0,0.0,91.9
850000,85254,1972,3,2.0,1832.0,1.1,99.97
354900,85033,1958,3,2.0,1516.0,3.0,95.89
549850,85042,2000,3,2.0,1703.0,2.9,76.54
850000,85304,1973,3,2.0,2555.0,0.2,91.9
424900,85053,1962,3,1.75,1134.0,1.5,91.9
659900,85020,1972,3,3.0,2752.0,2.1,97.13
369900,85006,1983,2,1.0,852.0,1.9,94.44
440000,85033,1979,3,2.0,1008.0,3.0,95.89
550000,85017,1976,10,5.0,4290.0,4.1,100.04
589900,85021,1949,3,3.0,1700.0,2.8,91.9
356000,85008,1947,3,1.0,934.0,4.5,81.79
975000,85006,1900,4,3.0,1691.0,1.9,94.44
499000,85032,1972,3,2.0,1905.0,3.2,99.97
440000,85017,1954,3,2.0,1394.0,4.1,100.04
1000000,85007,1936,3,2.75,2275.0,1.6,94.44
300000,85008,1948,2,1.0,949.0,4.5,81.79
849000,85003,1941,4,3.0,2022.0,1.1,94.44
775000,85022,1974,4,3.0,2262.0,2.6,99.97
680000,85016,1961,3,3.0,2070.0,3.2,97.13
349999,85009,1946,4,3.0,1284.0,4.0,65.7
730000,85250,1962,4,2.0,2133.0,2.5,101.35
343000,85009,1941,3,2.0,1494.0,4.0,65.7
446000,85033,1960,5,2.5,1260.0,3.0,95.89
440000,85042,1964,3,2.0,1476.0,2.9,76.54
940000,85042,1948,4,4.0,2738.0,2.9,76.54
335000,85051,1961,3,2.0,1092.0,4.3,91.9
440000,85019,1958,3,1.75,1506.0,2.5,100.04
440000,85031,1956,3,2.0,1365.0,2.4,100.04
530000,85020,1969,3,2.0,1849.0,2.1,97.13
450000,85016,1945,2,1.0,1276.0,3.2,97.13
926500,85021,2022,3,2.5,2136.0,2.8,91.9
926500,85021,2022,3,2.5,2109.0,2.8,91.9
975000,85043,2007,5,3.0,4423.0,3.2,76.86
850000,85012,1956,2,2.0,2642.0,0.6,72.93
395000,85041,1974,3,2.0,1290.0,4.5,76.54
485000,85281,1963,4,2.0,1529.0,0.0,94.49
445000,85040,1955,4,2.5,2004.0,2.8,76.54
875000,85016,2022,4,4.5,2530.0,3.2,97.13
895000,85016,2022,4,4.5,2530.0,3.2,97.13
887000,85016,2022,4,4.5,2530.0,3.2,97.13
940000,85281,1945,4,3.0,864.0,0.0,94.49
600000,85281,1950,5,2.0,1650.0,0.0,94.49
550000,85281,1945,3,2.0,1218.0,0.0,94.49
500000,85281,1948,3,1.0,1152.0,0.0,94.49
450000,85281,1961,3,1.5,1290.0,0.0,94.49
399900,85051,1977,3,1.75,1823.0,4.3,91.9
399900,85302,1971,4,2.0,1555.0,0.0,91.9
525000,85029,2021,3,2.0,1458.0,3.3,91.9
650000,85020,1977,3,3.0,2134.0,2.1,97.13
475000,85019,1948,3,1.0,1140.0,2.5,100.04
948040,85014,2022,5,4.5,3314.0,1.9,97.13
300000,85009,1940,4,2.0,1373.0,4.0,65.7
699500,85014,1975,4,3.5,2491.0,1.9,97.13
400000,85006,1918,3,1.0,1195.0,1.9,94.44
790000,85254,1976,4,2.0,2034.0,1.1,99.97
379900,85301,1959,4,2.0,1271.0,0.0,100.04
441000,85029,1978,4,2.0,1468.0,3.3,91.9
830000,85018,1973,3,2.0,1837.0,2.2,75.8
342000,85035,2007,2,2.5,1284.0,3.3,95.89
350000,85008,1950,3,2.0,1366.0,4.5,81.79
440000,85035,2013,3,3.0,1934.0,3.3,95.89
450000,85051,1970,4,2.0,1916.0,4.3,91.9
543000,85041,2007,4,2.0,2236.0,4.5,76.54
320000,85051,1953,2,1.0,822.0,4.3,91.9
290000,85041,1952,5,2.0,1410.0,4.5,76.54
750000,85016,1950,3,3.0,2254.0,3.2,97.13
370000,85303,1978,2,2.0,1048.0,0.0,95.89
800000,85254,1973,3,1.75,2009.0,1.1,99.97
820000,85016,1971,3,2.0,1775.0,3.2,97.13
385000,85051,1964,3,2.0,1282.0,4.3,91.9
460000,85302,1971,5,3.0,2155.0,0.0,91.9
305000,85042,1964,3,1.0,1039.0,2.9,76.54
545000,85006,1944,4,2.0,2102.0,1.9,94.44
520000,85014,1947,4,2.0,1975.0,1.9,97.13
300000,85033,1960,3,1.5,1391.0,3.0,95.89
477500,85281,1972,3,2.0,1408.0,0.0,94.49
240000,85040,1950,3,2.0,1800.0,2.8,76.54
475000,85303,1999,4,2.0,1930.0,0.0,95.89
479100,85043,2001,3,2.5,2378.0,3.2,76.86
682500,85032,1978,3,2.0,1768.0,3.2,99.97
615000,85032,1972,3,2.0,1973.0,3.2,99.97
417000,85033,1983,3,2.0,1530.0,3.0,95.89
745000,85022,1974,4,2.5,3211.0,2.6,99.97
495000,85016,1953,3,1.0,1395.0,3.2,97.13
285000,85008,1963,3,2.0,1124.0,4.5,81.79
348000,85051,1953,3,1.5,1122.0,4.3,91.9
470000,85339,2017,4,3.0,1853.0,2.0,94.47
360000,85051,1963,3,2.0,1188.0,4.3,91.9
472000,85302,1985,3,2.0,1799.0,0.0,91.9
400000,85302,1983,3,1.75,1234.0,0.0,91.9
380000,85043,2006,3,2.5,1452.0,3.2,76.86
670000,85022,1977,4,2.0,1980.0,2.6,99.97
542000,85029,1996,3,2.0,2272.0,3.3,91.9
367000,85035,1970,4,2.0,1540.0,3.3,95.89
425000,85041,2007,3,2.0,1515.0,4.5,76.54
383000,85029,1968,4,2.0,1469.0,3.3,91.9
875000,85258,1978,3,2.0,1991.0,0.0,101.35
590000,85042,1989,3,2.0,2010.0,2.9,76.54
375000,85301,1975,4,2.0,1960.0,0.0,100.04
875000,85028,1977,4,2.0,2600.0,0.6,99.97
277000,85033,1969,3,1.0,960.0,3.0,95.89
300000,85302,1971,2,1.0,896.0,0.0,91.9
260000,85301,1947,3,1.0,1300.0,0.0,100.04
198000,85301,1915,3,1.0,855.0,0.0,100.04
243500,85009,1960,3,1.0,975.0,4.0,65.7
415000,85015,1956,4,2.0,1296.0,5.5,100.04
344000,85053,1970,3,1.75,1562.0,1.5,91.9
560000,85021,1954,4,1.75,1830.0,2.8,91.9
400000,85043,2003,3,2.0,1442.0,3.2,76.86
365000,85304,1983,3,2.0,1292.0,0.2,91.9
330000,85303,1973,2,1.0,816.0,0.0,95.89
721000,85257,1960,4,3.0,1508.0,2.5,101.35
485000,85345,1986,3,2.0,1742.0,0.0,85.28
550000,85042,2018,3,2.0,1902.0,2.9,76.54
370000,85035,1973,3,2.0,1308.0,3.3,95.89
865000,85018,1958,4,3.0,2031.0,2.2,75.8
457000,85302,1974,4,2.0,2012.0,0.0,91.9
775000,85021,1956,3,2.0,2359.0,2.8,91.9
455000,85015,1958,4,2.0,1843.0,5.5,100.04
405000,85043,2001,4,2.0,1610.0,3.2,76.86
435000,85301,1972,3,2.0,2374.0,0.0,100.04
389000,85043,2002,3,2.0,1258.0,3.2,76.86
432000,85041,2002,3,2.0,1763.0,4.5,76.54
375000,85013,1947,2,1.0,1000.0,2.0,72.93
450000,85041,2015,3,2.0,1618.0,4.5,76.54
430000,85037,1971,4,2.0,1687.0,1.9,85.28
450000,85041,2003,3,2.0,1741.0,4.5,76.54
390000,85019,1958,3,3.0,1588.0,2.5,100.04
485000,85302,1980,3,1.75,1725.0,0.0,91.9
555000,85339,2015,4,2.5,2462.0,2.0,94.47
800000,85041,1950,4,2.0,1653.0,4.5,76.54
520000,85041,2010,4,2.5,2326.0,4.5,76.54
795000,85020,2002,3,2.5,2557.0,2.1,97.13
368199,85006,1950,3,1.75,1364.0,1.9,94.44
554900,85042,2021,4,3.0,1946.0,2.9,76.54
300000,85019,1960,2,1.75,1161.0,2.5,100.04
899000,85251,1959,3,2.0,1550.0,0.0,101.35
585000,85303,2002,5,3.0,2629.0,0.0,95.89
335000,85041,1955,3,1.0,863.0,4.5,76.54
651000,85014,1955,3,2.0,1677.0,1.9,97.13
565000,85053,1978,4,2.0,2073.0,1.5,91.9
360000,85009,1946,3,2.0,1250.0,4.0,65.7
675000,85008,2021,4,3.5,2774.0,4.5,81.79
518000,85339,2002,3,2.0,2072.0,2.0,94.47
751111,85022,1994,5,3.5,4272.0,2.6,99.97
541600,85303,1995,4,2.0,2150.0,0.0,95.89
290000,85034,1926,2,1.0,832.0,1.9,68.34
470000,85029,1954,6,3.0,2079.0,3.3,91.9
310000,85017,1950,2,1.0,977.0,4.1,100.04
400000,85032,1970,3,1.75,1900.0,3.2,99.97
257000,85003,1916,2,1.0,850.0,1.1,94.44
436000,85304,1983,3,2.0,1169.0,0.2,91.9
364000,85033,1978,2,1.5,1031.0,3.0,95.89
386000,85037,1971,3,2.0,1422.0,1.9,85.28
740000,85250,1961,3,3.0,2054.0,2.5,101.35
460000,85023,2003,4,2.0,1619.0,3.4,91.9
460000,85303,2003,4,2.0,2045.0,0.0,95.89
485000,85051,1967,3,2.0,1759.0,4.3,91.9
320000,85009,1945,3,1.0,1113.0,4.0,65.7
550000,85032,1962,3,2.0,1374.0,3.2,99.97
426900,85302,1975,3,2.0,1440.0,0.0,91.9
408000,85019,1968,3,2.0,1723.0,2.5,100.04
400000,85022,1981,2,1.0,1196.0,2.6,99.97
407000,85033,1958,3,2.0,1525.0,3.0,95.89
399900,85029,1960,3,2.0,1350.0,3.3,91.9
506000,85041,2004,4,2.5,2149.0,4.5,76.54
383000,85043,1981,3,2.0,1564.0,3.2,76.86
735000,85042,2001,3,2.0,2144.0,2.9,76.54
890000,85022,1975,4,2.5,2523.0,2.6,99.97
576000,85032,1996,3,2.0,1713.0,3.2,99.97
831000,85023,1994,5,2.5,3018.0,3.4,91.9
332900,85051,1962,3,2.0,1066.0,4.3,91.9
420000,85006,1950,2,1.0,1116.0,1.9,94.44
489000,85029,1969,4,2.0,2093.0,3.3,91.9
389000,85339,2007,3,2.0,1214.0,2.0,94.47
730000,85023,1995,3,3.0,2384.0,3.4,91.9
605000,85304,1992,5,2.5,3024.0,0.2,91.9
950000,85258,1979,3,2.5,2581.0,0.0,101.35
240000,85009,1950,3,2.0,1138.0,4.0,65.7
371000,85302,1971,3,2.0,1119.0,0.0,91.9
340000,85301,1959,3,1.5,1157.0,0.0,100.04
720000,85009,1954,3,2.0,1722.0,4.0,65.7
805000,85022,1988,3,2.75,2500.0,2.6,99.97
600000,85257,1961,3,2.0,1148.0,2.5,101.35
625000,85042,2018,4,3.0,2257.0,2.9,76.54
394000,85006,1946,2,2.0,1221.0,1.9,94.44
789000,85028,1972,4,2.0,2066.0,0.6,99.97
437300,85339,2005,4,2.0,1527.0,2.0,94.47
364200,85035,2008,3,2.5,1399.0,3.3,95.89
377000,85033,1974,3,2.0,1680.0,3.0,95.89
520000,85041,2017,4,3.0,2801.0,4.5,76.54
801000,85251,1958,4,2.0,2049.0,0.0,101.35
385000,85051,1968,3,1.75,1585.0,4.3,91.9
353000,85051,1968,3,1.75,1420.0,4.3,91.9
470000,85303,1972,4,3.0,2183.0,0.0,95.89
420000,85051,1969,3,2.0,1500.0,4.3,91.9
400000,85302,1973,4,2.0,1689.0,0.0,91.9
452000,85029,1971,5,2.0,1632.0,3.3,91.9
350000,85033,1961,5,2.0,1882.0,3.0,95.89
410000,85006,1936,2,1.0,768.0,1.9,94.44
750000,85032,1978,4,2.0,2049.0,3.2,99.97
935000,85012,1954,3,2.0,2572.0,0.6,72.93
320000,85009,1930,3,1.0,829.0,4.0,65.7
549000,85281,1959,3,2.0,1851.0,0.0,94.49
850000,85020,1954,3,1.75,1575.0,2.1,97.13
305000,85017,1964,3,2.0,1572.0,4.1,100.04
770000,85014,1958,3,2.0,1998.0,1.9,97.13
590000,85014,1954,3,2.0,1486.0,1.9,97.13
362000,85008,1956,5,1.75,1715.0,4.5,81.79
900000,85028,1970,4,2.0,2496.0,0.6,99.97
745000,85032,1987,3,2.0,2206.0,3.2,99.97
540000,85014,1950,3,2.0,1524.0,1.9,97.13
680000,85257,1959,3,2.5,1888.0,2.5,101.35
720000,85018,1953,4,2.0,1643.0,2.2,75.8
396000,85017,1958,3,3.75,2159.0,4.1,100.04
1200000,85254,1974,3,2.5,2574.0,1.1,99.97
625000,85023,1995,4,2.0,2401.0,3.4,91.9
460000,85008,1954,3,2.0,1446.0,4.5,81.79
320000,85033,1983,2,1.0,923.0,3.0,95.89
410000,85304,1972,3,2.0,1696.0,0.2,91.9
425000,85022,1970,4,1.75,1641.0,2.6,99.97
420000,85041,2005,3,2.0,1600.0,4.5,76.54
840000,85012,1945,3,2.5,2313.0,0.6,72.93
470000,85022,1979,3,2.0,1329.0,2.6,99.97
406000,85020,1961,3,2.0,1248.0,2.1,97.13
760000,85250,1962,4,2.0,1808.0,2.5,101.35
410000,85304,1973,3,2.0,1698.0,0.2,91.9
758500,85021,1958,3,2.0,1611.0,2.8,91.9
862500,85016,1962,3,2.0,1686.0,3.2,97.13
396900,85023,1960,3,2.0,1819.0,3.4,91.9
449000,85008,1954,3,2.0,1119.0,4.5,81.79
410000,85051,1970,4,2.0,2090.0,4.3,91.9
450000,85015,1950,3,2.0,1520.0,5.5,100.04
676000,85028,1969,3,2.0,1660.0,0.6,99.97
440000,85023,1977,3,2.0,1440.0,3.4,91.9
580000,85257,1959,3,2.0,1712.0,2.5,101.35
1105000,85021,1987,4,3.0,3457.0,2.8,91.9
363000,85041,1951,3,2.0,1259.0,4.5,76.54
755000,85014,1952,3,2.0,1625.0,1.9,97.13
345000,85017,1963,3,2.0,1392.0,4.1,100.04
425500,85015,1955,3,2.0,1477.0,5.5,100.04
556875,85008,1979,2,2.0,1544.0,4.5,81.79
448000,85023,1960,3,2.0,2371.0,3.4,91.9
450000,85014,1949,3,1.0,1129.0,1.9,97.13
350000,85017,1953,4,1.0,1521.0,4.1,100.04
395000,85040,1961,3,2.0,1681.0,2.8,76.54
580000,85016,1950,3,2.0,1600.0,3.2,97.13
510000,85304,1980,4,2.0,1992.0,0.2,91.9
305000,85019,1959,3,1.75,1298.0,2.5,100.04
425000,85301,1964,4,2.5,2654.0,0.0,100.04
401000,85017,1952,4,2.5,1580.0,4.1,100.04
875000,85254,1978,4,2.0,2244.0,1.1,99.97
602000,85022,1993,4,2.0,1972.0,2.6,99.97
515000,85302,2005,4,2.5,2961.0,0.0,91.9
304000,85009,1965,4,2.0,1500.0,4.0,65.7
470000,85013,1951,3,2.0,1261.0,2.0,72.93
285000,85041,1949,4,2.0,1288.0,4.5,76.54
330000,85303,1978,3,2.0,1513.0,0.0,95.89
752000,85257,1957,3,2.0,1498.0,2.5,101.35
300000,85035,1978,2,1.0,1427.0,3.3,95.89
770000,85257,1959,3,2.0,1550.0,2.5,101.35
470000,85032,2000,3,2.0,1449.0,3.2,99.97
430000,85008,1953,3,2.0,1312.0,4.5,81.79
610000,85015,1958,6,2.0,2352.0,5.5,100.04
412500,85042,1972,4,2.0,1632.0,2.9,76.54
458000,85051,1972,3,2.0,1724.0,4.3,91.9
453650,85339,2005,5,3.0,2634.0,2.0,94.47
655000,85032,1974,3,2.0,1878.0,3.2,99.97
530000,85014,1949,4,2.0,1726.0,1.9,97.13
555000,85032,1965,3,2.0,1300.0,3.2,99.97
400000,85013,1948,2,1.0,850.0,2.0,72.93
465000,85029,1962,4,2.0,1915.0,3.3,91.9
699000,85007,1925,4,3.0,2030.0,1.6,94.44
410000,85041,2022,3,2.0,1100.0,4.5,76.54
441000,85029,1965,4,2.0,1669.0,3.3,91.9
591000,85015,1951,3,2.0,2107.0,5.5,100.04
520000,85042,2016,3,2.0,1734.0,2.9,76.54
440000,85302,1972,4,2.0,1880.0,0.0,91.9
430000,85053,1966,4,2.0,2127.0,1.5,91.9
375000,85035,1977,3,1.0,1120.0,3.3,95.89
405000,85035,1970,3,2.0,1628.0,3.3,95.89
320000,85009,1954,3,1.0,950.0,4.0,65.7
578500,85008,1955,3,2.0,1713.0,4.5,81.79
302000,85017,1954,3,2.0,1118.0,4.1,100.04
436000,85041,2003,3,2.5,2040.0,4.5,76.54
320000,85019,1966,3,2.0,1828.0,2.5,100.04
599000,85257,1959,3,2.0,1380.0,2.5,101.35
788000,85016,1958,3,3.0,1937.0,3.2,97.13
545000,85014,1951,3,2.0,1317.0,1.9,97.13
580000,85018,1950,2,1.0,1292.0,2.2,75.8
455000,85339,2005,3,2.0,1661.0,2.0,94.47
452000,85051,1971,3,2.0,1759.0,4.3,91.9
470000,85014,1950,2,1.75,1084.0,1.9,97.13
675000,85023,1995,4,2.0,1816.0,3.4,91.9
593000,85032,1978,3,2.0,1648.0,3.2,99.97
490000,85021,1964,3,2.0,1620.0,2.8,91.9
416000,85302,1974,4,2.0,1630.0,0.0,91.9
451000,85041,2004,4,2.5,2169.0,4.5,76.54
490960,85015,1952,3,2.0,1871.0,5.5,100.04
650000,85029,1981,3,3.0,2456.0,3.3,91.9
300000,85035,1981,3,1.0,1095.0,3.3,95.89
401000,85029,1971,3,2.0,1436.0,3.3,91.9
392500,85023,1970,3,2.0,1455.0,3.4,91.9
415000,85303,1998,3,2.0,1476.0,0.0,95.89
825000,85020,2022,4,3.0,2525.0,2.1,97.13
681000,85257,1959,4,2.0,2026.0,2.5,101.35
680000,85008,1954,4,3.0,2065.0,4.5,81.79
660000,85008,1951,3,1.0,1588.0,4.5,81.79
775000,85004,1915,2,2.0,1358.0,1.2,94.44
405000,85031,1955,5,3.0,2357.0,2.4,100.04
1120000,85014,1953,4,2.5,2367.0,1.9,97.13
360000,85051,1960,3,2.0,1148.0,4.3,91.9
1100000,85251,1958,4,2.0,1910.0,0.0,101.35
540000,85053,1979,4,2.0,2283.0,1.5,91.9
370000,85029,1970,3,2.0,1808.0,3.3,91.9
445000,85040,2001,4,2.0,1892.0,2.8,76.54
680000,85028,1978,4,2.0,2058.0,0.6,99.97
1000000,85023,1972,4,2.5,2328.0,3.4,91.9
232000,85020,1964,2,1.0,880.0,2.1,97.13
435000,85301,1959,4,2.5,1833.0,0.0,100.04
356000,85033,1989,3,2.0,1246.0,3.0,95.89
655000,85016,2016,3,2.5,1724.0,3.2,97.13
489900,85020,1966,4,2.0,1706.0,2.1,97.13
355000,85029,1964,4,2.0,1601.0,3.3,91.9
355000,85033,1988,2,1.0,840.0,3.0,95.89
300000,85017,1954,3,1.0,1373.0,4.1,100.04
720000,85250,1962,4,2.0,1905.0,2.5,101.35
360000,85021,1950,3,2.0,1007.0,2.8,91.9
406000,85035,2013,4,3.0,1638.0,3.3,95.89
430000,85033,1973,4,2.0,1508.0,3.0,95.89
460150,85022,1994,3,2.5,1852.0,2.6,99.97
508000,85041,2008,3,2.0,1734.0,4.5,76.54
976000,85257,1960,4,2.0,1702.0,2.5,101.35
280000,85041,1959,2,1.0,1242.0,4.5,76.54
475000,85041,2003,3,2.0,1804.0,4.5,76.54
685000,85032,1999,4,3.0,2117.0,3.2,99.97
828000,85251,1960,3,2.0,1566.0,0.0,101.35
281000,85301,1935,2,1.0,861.0,0.0,100.04
800000,85018,1950,2,1.0,888.0,2.2,75.8
505000,85032,1972,3,2.0,1909.0,3.2,99.97
447000,85023,2012,3,2.5,1655.0,3.4,91.9
640000,85281,1955,5,2.0,1852.0,0.0,94.49
355000,85019,1951,3,2.0,1350.0,2.5,100.04
333000,85035,1969,3,2.0,1260.0,3.3,95.89
480000,85302,1979,4,2.0,1957.0,0.0,91.9
830000,85042,2002,4,3.0,3504.0,2.9,76.54
445000,85009,2022,4,3.0,1950.0,4.0,65.7
615000,85006,1947,3,2.0,1660.0,1.9,94.44
345000,85301,1978,4,2.0,1698.0,0.0,100.04
650000,85281,2021,2,2.5,2099.0,0.0,94.49
375000,85029,1971,3,2.0,1806.0,3.3,91.9
500000,85304,1973,4,2.0,1953.0,0.2,91.9
725000,85013,1948,3,2.0,1788.0,2.0,72.93
445000,85020,1958,3,2.0,1492.0,2.1,97.13
455000,85302,1971,4,3.0,3203.0,0.0,91.9
288000,85019,1961,4,2.0,1185.0,2.5,100.04
526000,85053,1973,3,3.0,2125.0,1.5,91.9
419000,85301,1970,4,3.5,2403.0,0.0,100.04
330000,85033,1961,3,1.0,1247.0,3.0,95.89
580000,85041,2007,3,2.0,2164.0,4.5,76.54
635000,85021,1969,4,2.0,2063.0,2.8,91.9
500000,85008,1958,4,2.0,1650.0,4.5,81.79
1000000,85028,1975,3,2.0,2176.0,0.6,99.97
787500,85042,2008,3,2.5,2858.0,2.9,76.54
360000,85022,1980,2,1.0,910.0,2.6,99.97
310000,85033,1960,3,2.5,1020.0,3.0,95.89
615000,85040,2017,7,4.0,2570.0,2.8,76.54
800000,85028,1964,3,2.0,2161.0,0.6,99.97
795000,85029,1980,4,2.0,2581.0,3.3,91.9
700000,85022,1979,3,2.5,2738.0,2.6,99.97
360000,85023,1981,3,1.75,1162.0,3.4,91.9
315000,85022,1960,2,2.0,1378.0,2.6,99.97
355000,85033,1976,3,2.0,1168.0,3.0,95.89
430000,85040,1997,3,2.0,1710.0,2.8,76.54
322500,85031,1957,3,2.0,1109.0,2.4,100.04
515000,85023,1979,4,2.0,1957.0,3.4,91.9
330000,85033,1980,2,2.0,1152.0,3.0,95.89
373000,85043,2000,3,2.0,1182.0,3.2,76.86
236000,85041,1958,2,1.0,744.0,4.5,76.54
460000,85031,1957,4,2.0,2011.0,2.4,100.04
351000,85033,1979,3,2.0,1270.0,3.0,95.89
900000,85007,1930,4,3.0,2246.0,1.6,94.44
565000,85304,1983,4,3.0,2723.0,0.2,91.9
494000,85029,1962,4,2.5,2016.0,3.3,91.9
475000,85301,1972,4,2.0,1997.0,0.0,100.04
435000,85051,1976,4,2.0,2056.0,4.3,91.9
865000,85018,1959,4,2.75,2062.0,2.2,75.8
660000,85257,1959,3,1.75,1918.0,2.5,101.35
370000,85035,1973,3,2.0,1850.0,3.3,95.89
470000,85304,1989,4,3.0,2297.0,0.2,91.9
460000,85301,1999,3,2.0,1681.0,0.0,100.04
450000,85018,1953,3,2.0,3765.0,2.2,75.8
350000,85033,1961,3,2.0,1305.0,3.0,95.89
665000,85016,1947,4,3.0,1676.0,3.2,97.13
500000,85032,1970,3,2.0,1672.0,3.2,99.97
315000,85017,1955,3,2.0,1767.0,4.1,100.04
879400,85021,1956,4,1.75,2197.0,2.8,91.9
450000,85302,1977,3,2.0,1647.0,0.0,91.9
715000,85020,1957,3,2.0,2065.0,2.1,97.13
450000,85032,1979,3,2.0,1100.0,3.2,99.97
397000,85031,1956,4,2.0,1800.0,2.4,100.04
520000,85023,1987,3,2.0,1553.0,3.4,91.9
380000,85037,1995,4,2.0,1462.0,1.9,85.28
390000,85035,1973,4,2.0,1616.0,3.3,95.89
340000,85301,1940,3,2.0,1200.0,0.0,100.04
575000,85015,1950,4,3.0,2089.0,5.5,100.04
453000,85301,2004,4,2.0,2102.0,0.0,100.04
810000,85257,1962,3,2.0,1996.0,2.5,101.35
185000,85003,1950,2,1.0,900.0,1.1,94.44
395000,85041,2006,3,2.0,1310.0,4.5,76.54
620000,85018,1950,3,3.0,1590.0,2.2,75.8
518000,85041,2004,4,2.0,2155.0,4.5,76.54
420000,85029,1975,4,2.0,2052.0,3.3,91.9
450000,85008,1945,2,1.0,1102.0,4.5,81.79
370000,85042,1974,2,1.0,900.0,2.9,76.54
800000,85042,2019,4,3.5,2782.0,2.9,76.54
725000,85251,1959,3,2.0,1815.0,0.0,101.35
795000,85028,1973,4,2.75,2535.0,0.6,99.97
720000,85029,1971,4,2.5,2318.0,3.3,91.9
870500,85014,1950,3,3.0,2324.0,1.9,97.13
415000,85301,1960,4,2.5,1900.0,0.0,100.04
509500,85304,1984,4,1.75,2111.0,0.2,91.9
379000,85051,1964,4,2.0,2043.0,4.3,91.9
360000,85053,1971,2,2.0,1024.0,1.5,91.9
895000,85018,1954,3,2.0,1984.0,2.2,75.8
575000,85042,2001,3,2.0,2270.0,2.9,76.54
625000,85032,1979,3,2.0,1527.0,3.2,99.97
410000,85306,1985,3,2.0,1340.0,0.3,91.9
855000,85007,1939,3,2.0,1788.0,1.6,94.44
339000,85304,1983,2,2.0,1216.0,0.2,91.9
855000,85251,1955,3,2.0,1129.0,0.0,101.35
370000,85041,1951,3,2.0,1104.0,4.5,76.54
320000,85301,1971,3,2.0,1318.0,0.0,100.04
435000,85032,1971,3,2.0,1320.0,3.2,99.97
496000,85015,1953,4,2.0,1516.0,5.5,100.04
385000,85035,2007,4,4.0,1768.0,3.3,95.89
300000,85017,1953,3,2.0,1512.0,4.1,100.04
450000,85304,1977,4,2.0,1722.0,0.2,91.9
719623,85014,1930,4,2.0,1600.0,1.9,97.13
420000,85304,1978,3,2.0,1152.0,0.2,91.9
460000,85029,1971,4,2.0,1786.0,3.3,91.9
415000,85023,1984,2,2.0,1251.0,3.4,91.9
360000,85040,1956,4,2.0,1360.0,2.8,76.54
375000,85015,1957,3,1.75,1260.0,5.5,100.04
370000,85035,1974,4,2.0,1404.0,3.3,95.89
365000,85019,1960,3,2.0,1494.0,2.5,100.04
385000,85033,1964,4,2.0,1441.0,3.0,95.89
359000,85009,1980,4,2.0,1480.0,4.0,65.7
460000,85029,1967,4,3.0,1899.0,3.3,91.9
315000,85009,1954,2,1.0,1138.0,4.0,65.7
430000,85053,1971,3,2.0,1908.0,1.5,91.9
830000,85016,1959,3,2.0,1583.0,3.2,97.13
600000,85014,1952,3,2.0,1478.0,1.9,97.13
487000,85032,1984,3,2.0,1206.0,3.2,99.97
515000,85042,1999,3,2.0,1766.0,2.9,76.54
535000,85281,1959,4,1.75,1610.0,0.0,94.49
575000,85053,1979,3,2.0,1980.0,1.5,91.9
385000,85051,1971,3,2.0,2256.0,4.3,91.9
540000,85028,1971,3,2.0,1497.0,0.6,99.97
360000,85042,1999,2,2.5,1320.0,2.9,76.54
598000,85014,1950,3,2.0,1550.0,1.9,97.13
370000,85008,1948,3,1.0,1041.0,4.5,81.79
380000,85035,1962,3,2.0,1490.0,3.3,95.89
425000,85302,1985,3,2.0,1473.0,0.0,91.9
925000,85007,1937,3,1.75,2315.0,1.6,94.44
400000,85035,1973,4,2.5,1858.0,3.3,95.89
428000,85041,2004,3,2.0,1552.0,4.5,76.54
410000,85020,1972,3,2.0,1380.0,2.1,97.13
360000,85021,1959,3,1.75,1362.0,2.8,91.9
475000,85032,1972,4,2.0,1737.0,3.2,99.97
270000,85022,1971,2,1.75,1024.0,2.6,99.97
349000,85023,1973,3,2.0,1227.0,3.4,91.9
405000,85019,1957,4,2.0,1503.0,2.5,100.04
790000,85028,1976,3,2.0,1798.0,0.6,99.97
380000,85017,1952,4,2.0,1212.0,4.1,100.04
400000,85033,1980,4,2.0,1334.0,3.0,95.89
386000,85015,1944,2,1.0,860.0,5.5,100.04
568000,85023,1979,4,2.0,2054.0,3.4,91.9
380000,85017,1950,4,2.0,1460.0,4.1,100.04
357000,85029,1964,4,1.75,1292.0,3.3,91.9
510000,85029,1962,4,2.0,1865.0,3.3,91.9
500000,85032,1983,3,1.75,1312.0,3.2,99.97
800000,85257,1959,4,2.0,2429.0,2.5,101.35
530000,85022,2008,3,2.0,1532.0,2.6,99.97
540000,85302,1986,5,3.5,2980.0,0.0,91.9
608500,85042,2000,3,2.0,2354.0,2.9,76.54
970000,85254,1971,3,2.0,1934.0,1.1,99.97
815000,85042,2018,4,2.0,2754.0,2.9,76.54
845000,85028,1972,4,2.0,2028.0,0.6,99.97
507000,85303,2000,4,3.0,2663.0,0.0,95.89
450000,85033,2004,3,2.5,2114.0,3.0,95.89
470000,85015,1951,3,2.0,1198.0,5.5,100.04
520000,85042,2018,3,2.0,1902.0,2.9,76.54
650000,85014,1950,4,3.0,1893.0,1.9,97.13
481086,85013,1956,4,2.5,2190.0,2.0,72.93
425000,85040,1974,3,2.0,1290.0,2.8,76.54
390000,85032,2004,3,2.0,1323.0,3.2,99.97
398000,85041,1957,3,2.0,1400.0,4.5,76.54
425000,85302,1972,3,2.0,1218.0,0.0,91.9
522000,85021,1952,2,2.0,1277.0,2.8,91.9
355000,85035,1962,4,2.0,1325.0,3.3,95.89
405000,85301,1964,4,2.0,1904.0,0.0,100.04
405000,85051,1968,5,3.0,2299.0,4.3,91.9
345000,85042,1958,3,2.0,1188.0,2.9,76.54
400000,85339,2006,3,2.0,1478.0,2.0,94.47
355000,85017,1952,4,1.75,1898.0,4.1,100.04
650000,85007,1948,4,2.0,2382.0,1.6,94.44
375000,85029,1979,3,2.0,1590.0,3.3,91.9
440000,85037,2019,4,2.0,1555.0,1.9,85.28
985000,85003,1949,3,2.0,2046.0,1.1,94.44
380000,85040,2004,3,2.5,1385.0,2.8,76.54
330000,85041,1997,3,2.0,1079.0,4.5,76.54
520000,85015,1955,3,3.0,1977.0,5.5,100.04
775000,85028,1965,4,2.5,2486.0,0.6,99.97
656000,85023,1973,3,2.0,2168.0,3.4,91.9
380000,85009,1959,5,2.0,1526.0,4.0,65.7
350000,85306,1984,3,2.0,1481.0,0.3,91.9
425000,85015,1953,3,2.0,1726.0,5.5,100.04
390000,85033,1969,3,2.0,1244.0,3.0,95.89
242500,85040,1974,3,2.0,1040.0,2.8,76.54
530000,85251,1956,3,2.0,1128.0,0.0,101.35
420000,85015,1958,4,3.0,2026.0,5.5,100.04
385000,85035,1978,3,2.0,1824.0,3.3,95.89
400000,85035,1971,4,2.0,1531.0,3.3,95.89
375000,85041,1972,4,2.0,1597.0,4.5,76.54
416000,85041,2004,4,2.0,1580.0,4.5,76.54
585500,85281,1961,3,2.0,1621.0,0.0,94.49
702000,85013,1956,3,2.0,1532.0,2.0,72.93
370000,85029,1978,3,2.0,1570.0,3.3,91.9
553000,85303,2021,4,2.5,2940.0,0.0,95.89
360000,85035,1972,3,2.0,1770.0,3.3,95.89
420000,85029,1971,5,2.0,1675.0,3.3,91.9
695000,85028,1972,3,2.0,2018.0,0.6,99.97
780000,85020,1993,4,2.5,2517.0,2.1,97.13
510000,85306,1972,5,3.0,2143.0,0.3,91.9
750000,85021,1986,3,2.0,1923.0,2.8,91.9
434000,85029,1977,3,2.0,1800.0,3.3,91.9
1100000,85251,1959,3,3.0,2117.0,0.0,101.35
445000,85021,1958,3,2.0,1362.0,2.8,91.9
601000,85042,2000,5,2.0,2504.0,2.9,76.54
435350,85304,2003,4,2.5,1756.0,0.2,91.9
595000,85022,1997,3,2.0,1736.0,2.6,99.97
401000,85019,1958,4,2.0,1387.0,2.5,100.04
810000,85016,1996,3,2.0,1928.0,3.2,97.13
515000,85029,1971,3,2.0,1584.0,3.3,91.9
665000,85020,1956,3,1.75,1830.0,2.1,97.13
460000,85304,1979,3,2.0,1995.0,0.2,91.9
695000,85254,1979,3,2.0,1921.0,1.1,99.97
674000,85023,1979,3,3.0,2325.0,3.4,91.9
345000,85017,1955,3,2.75,2008.0,4.1,100.04
333000,85019,1955,3,2.0,1040.0,2.5,100.04
991500,85022,1995,5,3.5,4321.0,2.6,99.97
465000,85053,1983,3,1.75,1881.0,1.5,91.9
300000,85042,1974,3,1.0,1456.0,2.9,76.54
970000,85258,1980,3,3.0,2285.0,0.0,101.35
467500,85033,1986,4,2.0,2091.0,3.0,95.89
391000,85018,1950,2,1.5,1241.0,2.2,75.8
420000,85053,1961,3,2.0,1677.0,1.5,91.9
370000,85304,1972,4,2.0,1365.0,0.2,91.9
710000,85254,1979,3,2.0,1839.0,1.1,99.97
426000,85042,2014,3,2.0,1440.0,2.9,76.54
449000,85053,1968,4,2.0,1981.0,1.5,91.9
425000,85029,1970,3,2.0,1778.0,3.3,91.9
325000,85015,1988,2,1.0,900.0,5.5,100.04
532500,85020,1959,3,1.75,1262.0,2.1,97.13
429000,85041,1985,3,2.0,1567.0,4.5,76.54
1065000,85021,1992,4,2.5,2789.0,2.8,91.9
328000,85019,1959,3,2.0,1416.0,2.5,100.04
750000,85004,1935,2,1.0,1344.0,1.2,94.44
922500,85016,1955,2,2.5,2040.0,3.2,97.13
385000,85301,1960,4,2.0,1665.0,0.0,100.04
535000,85032,1971,4,2.0,1416.0,3.2,99.97
815000,85016,1961,5,4.75,3678.0,3.2,97.13
600000,85014,1951,3,2.0,2073.0,1.9,97.13
380000,85031,1957,3,1.75,1431.0,2.4,100.04
375000,85301,1960,3,2.0,1197.0,0.0,100.04
363000,85041,2014,3,2.5,1293.0,4.5,76.54
315000,85009,1946,4,2.0,1085.0,4.0,65.7
387000,85035,1962,5,3.0,1878.0,3.3,95.89
480000,85042,1985,3,2.0,1984.0,2.9,76.54
405000,85031,1959,3,2.0,1320.0,2.4,100.04
430000,85042,1984,3,2.0,1814.0,2.9,76.54
609000,85032,1970,4,2.0,1770.0,3.2,99.97
825000,85257,1960,4,2.0,1850.0,2.5,101.35
749000,85041,2020,4,3.0,2496.0,4.5,76.54
493000,85021,1966,4,2.0,1349.0,2.8,91.9
426500,85023,1976,3,2.0,1010.0,3.4,91.9
915000,85257,1959,4,2.0,2385.0,2.5,101.35
436000,85020,1957,3,2.0,1332.0,2.1,97.13
390000,85051,1962,4,2.0,1627.0,4.3,91.9
455000,85008,1958,3,1.75,1385.0,4.5,81.79
450000,85014,1943,3,1.0,1094.0,1.9,97.13
700000,85020,1944,3,2.0,1246.0,2.1,97.13
355000,85041,1960,3,2.0,1152.0,4.5,76.54
745000,85257,1958,3,2.0,1886.0,2.5,101.35
510000,85014,1940,2,2.0,1001.0,1.9,97.13
850000,85257,1959,3,2.0,2274.0,2.5,101.35
469900,85302,1972,3,2.0,1413.0,0.0,91.9
950000,85014,2006,4,3.0,2459.0,1.9,97.13
480000,85008,1982,4,3.0,1634.0,4.5,81.79
315000,85017,1948,5,1.0,1701.0,4.1,100.04
367500,85029,1972,3,2.0,1543.0,3.3,91.9
570000,85032,1975,3,2.0,1280.0,3.2,99.97
410000,85302,1986,3,2.0,1365.0,0.0,91.9
240000,85009,1948,3,1.0,1203.0,4.0,65.7
830000,85018,1952,3,3.0,2684.0,2.2,75.8
500000,85281,1950,3,1.0,1113.0,0.0,94.49
605000,85020,1990,3,2.5,2093.0,2.1,97.13
590000,85302,1994,4,2.0,2051.0,0.0,91.9
420000,85006,1951,3,2.0,1550.0,1.9,94.44
720000,85029,1978,4,2.0,2594.0,3.3,91.9
485000,85032,1976,4,2.0,1152.0,3.2,99.97
700000,85251,1957,3,2.0,1728.0,0.0,101.35
327500,85017,1955,3,1.75,1012.0,4.1,100.04
340000,85037,1972,5,2.0,1630.0,1.9,85.28
380000,85051,1965,3,2.0,1480.0,4.3,91.9
899900,85014,2022,3,2.5,2708.0,1.9,97.13
385000,85040,2006,3,2.0,1290.0,2.8,76.54
415000,85033,1961,4,2.0,1816.0,3.0,95.89
400000,85302,1985,3,2.0,1283.0,0.0,91.9
360000,85301,1971,3,2.0,1503.0,0.0,100.04
403500,85033,1973,4,2.0,2100.0,3.0,95.89
460000,85303,2000,4,2.0,1866.0,0.0,95.89
355240,85051,1970,3,2.0,1545.0,4.3,91.9
575000,85041,2005,5,3.5,3770.0,4.5,76.54
412000,85051,1960,3,2.0,1632.0,4.3,91.9
400000,85033,1978,3,2.0,1765.0,3.0,95.89
535000,85041,2004,4,3.0,2557.0,4.5,76.54
465000,85015,1950,3,1.75,1120.0,5.5,100.04
785000,85007,1931,3,2.0,1412.0,1.6,94.44
715000,85018,1972,3,2.0,1951.0,2.2,75.8
402500,85017,1958,4,2.0,1674.0,4.1,100.04
495000,85022,1978,3,2.0,1825.0,2.6,99.97
410000,85033,1961,4,2.0,1554.0,3.0,95.89
480000,85023,1974,3,2.0,1859.0,3.4,91.9
445000,85029,1970,3,1.75,1536.0,3.3,91.9
340000,85051,1974,3,2.0,1686.0,4.3,91.9
405000,85015,2022,3,2.0,1425.0,5.5,100.04
355500,85017,1955,3,2.0,1713.0,4.1,100.04
315000,85009,1948,3,2.0,950.0,4.0,65.7
215000,85021,1958,3,2.0,1226.0,2.8,91.9
372800,85053,1970,3,1.75,1128.0,1.5,91.9
575000,85023,1994,3,2.0,2095.0,3.4,91.9
500000,85029,1970,3,2.0,1942.0,3.3,91.9
870000,85305,2003,6,5.0,4058.0,2.5,85.28
402000,85040,2018,3,2.0,1124.0,2.8,76.54
682000,85006,2018,4,3.0,2126.0,1.9,94.44
335000,85031,1954,3,2.0,1379.0,2.4,100.04
660000,85006,1973,3,2.0,1734.0,1.9,94.44
415000,85345,1992,3,2.0,1554.0,0.0,85.28
569500,85281,1959,4,2.0,1808.0,0.0,94.49
340000,85041,1959,3,1.0,1196.0,4.5,76.54
420000,85304,1978,3,2.0,1534.0,0.2,91.9
615000,85028,1970,3,2.0,1818.0,0.6,99.97
775000,85008,1952,6,3.0,2602.0,4.5,81.79
533000,85041,2004,4,3.5,3763.0,4.5,76.54
385706,85017,1961,4,2.0,1814.0,4.1,100.04
342500,85035,1963,3,2.0,1126.0,3.3,95.89
449900,85032,1962,4,2.0,1372.0,3.2,99.97
359000,85053,1969,4,2.0,1818.0,1.5,91.9
360000,85017,1954,3,2.0,1476.0,4.1,100.04
418500,85023,1972,4,2.0,1593.0,3.4,91.9
369000,85019,1958,4,2.0,1648.0,2.5,100.04
410000,85033,1961,4,2.0,1913.0,3.0,95.89
405000,85345,1981,3,2.0,1249.0,0.0,85.28
385000,85031,1956,4,2.0,1353.0,2.4,100.04
300000,85051,1966,2,1.75,1102.0,4.3,91.9
350000,85033,1971,3,1.5,956.0,3.0,95.89
445000,85053,1971,4,2.0,2014.0,1.5,91.9
370000,85019,1955,3,2.0,1138.0,2.5,100.04
402950,85042,1999,3,2.0,1296.0,2.9,76.54
265000,85033,1971,3,2.0,1317.0,3.0,95.89
295000,85033,1971,4,2.0,2038.0,3.0,95.89
505000,85022,1970,3,2.0,1442.0,2.6,99.97
415545,85006,1935,3,1.0,902.0,1.9,94.44
318000,85020,1954,3,1.0,1112.0,2.1,97.13
374000,85037,1995,3,2.0,1098.0,1.9,85.28
402000,85029,1966,3,2.0,1472.0,3.3,91.9
442600,85041,2003,4,2.0,1743.0,4.5,76.54
360000,85022,1960,3,2.0,1567.0,2.6,99.97
375000,85037,1999,4,2.0,1518.0,1.9,85.28
375000,85302,1979,3,1.75,1513.0,0.0,91.9
540000,85258,1979,3,2.0,2080.0,0.0,101.35
1000000,85003,1942,4,3.0,1742.0,1.1,94.44
325000,85009,1952,4,1.75,1488.0,4.0,65.7
320000,85022,1974,2,1.75,1216.0,2.6,99.97
640000,85257,1960,4,3.0,2021.0,2.5,101.35
625000,85032,1978,3,2.0,1917.0,3.2,99.97
680000,85018,1954,4,2.0,1396.0,2.2,75.8
550000,85016,1954,3,1.75,1596.0,3.2,97.13
550000,85016,1954,3,1.75,1531.0,3.2,97.13
275000,85007,1941,4,2.0,1344.0,1.6,94.44
318000,85041,1948,4,3.5,1316.0,4.5,76.54
370000,85035,1973,4,2.0,1344.0,3.3,95.89
385000,85017,1954,4,2.0,1414.0,4.1,100.04
860000,85028,1992,3,2.5,2500.0,0.6,99.97
500000,85016,1948,3,1.0,1260.0,3.2,97.13
315000,85042,1943,3,2.0,1455.0,2.9,76.54
350000,85035,1973,3,2.0,1152.0,3.3,95.89
550000,85016,1954,3,1.75,1170.0,3.2,97.13
375000,85035,1962,5,2.0,1579.0,3.3,95.89
755000,85254,1978,3,2.0,1817.0,1.1,99.97
535000,85022,1994,3,2.0,1759.0,2.6,99.97
795000,85281,1961,4,3.0,1585.0,0.0,94.49
525000,85022,1983,3,2.0,1743.0,2.6,99.97
371500,85009,1946,3,2.0,1662.0,4.0,65.7
430000,85029,1968,4,1.75,1875.0,3.3,91.9
305000,85006,1936,3,1.0,1176.0,1.9,94.44
440000,85339,2004,3,2.0,1564.0,2.0,94.47
325000,85053,1972,3,1.0,1160.0,1.5,91.9
414000,85043,2000,3,2.0,1392.0,3.2,76.86
380000,85009,2006,3,2.0,1448.0,4.0,65.7
458000,85303,2019,3,2.0,1895.0,0.0,95.89
698000,85257,1958,3,2.0,1691.0,2.5,101.35
480000,85053,1971,3,2.0,1850.0,1.5,91.9
530000,85302,1976,4,1.75,1904.0,0.0,91.9
544000,85022,1979,3,2.0,2613.0,2.6,99.97
495000,85281,1959,3,2.0,1530.0,0.0,94.49
935000,85029,1980,4,2.0,2581.0,3.3,91.9
370000,85301,1960,4,3.0,2751.0,0.0,100.04
525000,85042,2004,4,2.5,2887.0,2.9,76.54
505000,85023,1995,3,2.0,1720.0,3.4,91.9
295000,85009,1960,3,2.0,1663.0,4.0,65.7
550000,85023,1979,4,3.0,2344.0,3.4,91.9
421000,85021,1960,3,1.75,1363.0,2.8,91.9
525000,85023,1978,4,3.0,2080.0,3.4,91.9
610000,85022,2016,3,2.0,1581.0,2.6,99.97
420000,85041,1973,5,2.0,1897.0,4.5,76.54
340000,85051,1966,3,2.0,1622.0,4.3,91.9
473000,85303,1978,4,2.0,2126.0,0.0,95.89
400000,85033,1980,4,2.0,1556.0,3.0,95.89
375000,85035,1971,4,2.0,1412.0,3.3,95.89
435000,85029,1962,4,2.0,1526.0,3.3,91.9
415000,85033,1975,4,2.0,1508.0,3.0,95.89
435000,85041,2003,4,3.0,2349.0,4.5,76.54
472000,85032,2003,4,2.0,1610.0,3.2,99.97
640000,85257,1958,3,2.0,1362.0,2.5,101.35
525000,85032,1976,3,3.0,1796.0,3.2,99.97
438000,85053,1964,3,2.0,1755.0,1.5,91.9
825000,85022,1990,5,3.0,3122.0,2.6,99.97
960000,85022,1987,4,4.0,3695.0,2.6,99.97
427000,85301,1974,3,2.0,1622.0,0.0,100.04
475000,85041,2014,3,3.0,2357.0,4.5,76.54
345000,85040,1946,3,1.0,1167.0,2.8,76.54
480000,85041,2001,4,2.5,2885.0,4.5,76.54
765000,85028,1979,3,2.0,1926.0,0.6,99.97
320000,85029,1960,3,1.75,1092.0,3.3,91.9
410000,85303,2001,3,2.0,1505.0,0.0,95.89
874000,85022,1989,4,2.5,2479.0,2.6,99.97
377000,85035,1974,4,2.0,1344.0,3.3,95.89
510000,85041,2002,5,3.0,2323.0,4.5,76.54
645000,85022,1962,3,2.5,2220.0,2.6,99.97
705000,85018,1953,3,2.0,1852.0,2.2,75.8
345000,85019,1959,3,2.0,1290.0,2.5,100.04
370000,85035,1970,3,2.0,1792.0,3.3,95.89
925000,85042,2007,4,3.0,2858.0,2.9,76.54
412000,85306,1998,3,2.0,1779.0,0.3,91.9
335000,85035,1972,3,2.0,1783.0,3.3,95.89
415000,85051,1971,3,2.0,1390.0,4.3,91.9
380000,85302,1985,3,2.0,1190.0,0.0,91.9
431000,85304,1987,3,2.0,1353.0,0.2,91.9
440000,85303,1978,6,3.0,2169.0,0.0,95.89
455000,85041,2003,4,2.5,2039.0,4.5,76.54
360000,85042,1954,3,2.0,1420.0,2.9,76.54
630000,85015,1952,3,2.0,1719.0,5.5,100.04
403000,85042,1972,4,3.0,1621.0,2.9,76.54
275000,85017,1951,3,1.5,1327.0,4.1,100.04
435000,85019,1969,4,2.0,1680.0,2.5,100.04
493000,85042,2004,4,2.0,2165.0,2.9,76.54
495000,85041,2010,4,3.5,2306.0,4.5,76.54
210000,85007,1946,1,1.0,582.0,1.6,94.44
419000,85040,2020,4,2.0,2035.0,2.8,76.54
630000,85013,1950,3,2.0,1302.0,2.0,72.93
425000,85023,1977,3,2.0,1370.0,3.4,91.9
405000,85304,1978,3,2.0,1023.0,0.2,91.9
380100,85031,1957,3,2.0,1871.0,2.4,100.04
490000,85339,2005,4,2.0,2282.0,2.0,94.47
452000,85302,1979,4,2.0,1541.0,0.0,91.9
340000,85017,1961,3,1.75,1261.0,4.1,100.04
460000,85304,1971,3,2.0,1819.0,0.2,91.9
355000,85035,1978,4,1.0,1148.0,3.3,95.89
369000,85023,1974,3,2.0,1170.0,3.4,91.9
462000,85303,2003,4,2.5,2458.0,0.0,95.89
358000,85051,1960,3,2.0,1252.0,4.3,91.9
458000,85042,2019,4,2.0,1800.0,2.9,76.54
350000,85035,1972,4,3.0,1495.0,3.3,95.89
586900,85022,1985,4,2.0,1755.0,2.6,99.97
495000,85032,1969,4,3.0,1374.0,3.2,99.97
345500,85035,1973,3,2.0,1221.0,3.3,95.89
450000,85281,1963,3,2.0,1130.0,0.0,94.49
305000,85015,2020,2,2.5,1254.0,5.5,100.04
445000,85302,1999,3,2.0,1532.0,0.0,91.9
425000,85019,1968,3,2.0,1610.0,2.5,100.04
750000,85003,1936,3,2.75,1878.0,1.1,94.44
450000,85303,1998,3,2.0,1609.0,0.0,95.89
460000,85304,1982,3,2.0,1831.0,0.2,91.9
400000,85023,1986,2,2.0,1324.0,3.4,91.9
320000,85035,1977,2,1.0,840.0,3.3,95.89
432000,85042,2004,3,2.0,1718.0,2.9,76.54
550000,85304,1989,4,3.0,2892.0,0.2,91.9
445000,85051,1976,4,2.0,2064.0,4.3,91.9
350000,85033,1960,3,2.0,1682.0,3.0,95.89
390000,85035,1968,3,2.0,1546.0,3.3,95.89
425000,85008,1952,3,2.0,1228.0,4.5,81.79
405000,85302,1978,3,2.0,1541.0,0.0,91.9
310000,85033,1960,3,1.5,1215.0,3.0,95.89
620000,85013,1952,4,2.5,1641.0,2.0,72.93
477000,85339,2006,4,2.5,2464.0,2.0,94.47
450000,85013,1952,3,1.0,1185.0,2.0,72.93
475000,85016,1947,2,1.0,1280.0,3.2,97.13
479000,85007,1942,3,1.0,1330.0,1.6,94.44
407000,85301,1962,4,2.0,1560.0,0.0,100.04
469300,85303,2019,3,2.0,1895.0,0.0,95.89
525000,85016,1952,3,2.0,1053.0,3.2,97.13
421600,85020,1958,3,2.0,1092.0,2.1,97.13
635000,85023,1996,3,2.0,2210.0,3.4,91.9
740000,85016,1959,3,1.75,1648.0,3.2,97.13
550000,85028,1976,3,2.5,1900.0,0.6,99.97
687000,85021,1986,3,2.0,1788.0,2.8,91.9
461000,85304,1974,3,2.0,1616.0,0.2,91.9
445000,85051,1964,3,2.0,1702.0,4.3,91.9
465000,85032,1966,3,2.0,1360.0,3.2,99.97
403000,85339,2003,3,2.0,1315.0,2.0,94.47
282000,85031,1955,4,2.0,1636.0,2.4,100.04
400000,85017,1954,4,2.5,1414.0,4.1,100.04
880000,85028,1984,4,2.5,2605.0,0.6,99.97
375000,85015,1952,3,1.0,1053.0,5.5,100.04
885000,85016,1952,3,2.0,1428.0,3.2,97.13
1125000,85018,1971,3,2.0,1860.0,2.2,75.8
360000,85022,1973,2,2.0,1214.0,2.6,99.97
459500,85023,1994,3,2.0,1312.0,3.4,91.9
380000,85042,1961,3,2.0,1342.0,2.9,76.54
315000,85017,1953,3,2.0,1424.0,4.1,100.04
320000,85017,1952,3,1.75,1257.0,4.1,100.04
350000,85043,1982,3,1.0,1080.0,3.2,76.86
475000,85041,2003,4,2.0,1684.0,4.5,76.54
428000,85339,2004,4,2.0,1564.0,2.0,94.47
400000,85051,1960,4,3.0,2265.0,4.3,91.9
430000,85345,1996,3,2.5,1918.0,0.0,85.28
350000,85017,1954,4,2.0,1491.0,4.1,100.04
905000,85018,1953,4,2.0,1630.0,2.2,75.8
893000,85021,1965,5,3.0,2481.0,2.8,91.9
420000,85053,1977,3,2.0,1652.0,1.5,91.9
317000,85042,1987,3,2.0,1144.0,2.9,76.54
365000,85301,1973,3,2.0,1424.0,0.0,100.04
769000,85250,1970,3,2.0,1839.0,2.5,101.35
420000,85032,1951,4,2.0,1726.0,3.2,99.97
910000,85018,1954,3,2.0,1169.0,2.2,75.8
478000,85032,1973,3,2.0,1240.0,3.2,99.97
453000,85041,2017,3,2.5,2288.0,4.5,76.54
365000,85033,1979,2,2.0,1044.0,3.0,95.89
950000,85012,1952,4,3.0,2559.0,0.6,72.93
325000,85041,1962,3,2.0,1218.0,4.5,76.54
760000,85016,1950,4,2.5,2185.0,3.2,97.13
385000,85029,1973,3,2.0,1829.0,3.3,91.9
651000,85281,1959,4,3.0,1663.0,0.0,94.49
540000,85041,2007,5,3.0,2882.0,4.5,76.54
520000,85281,1960,3,2.0,1477.0,0.0,94.49
270000,85040,1946,3,1.0,1074.0,2.8,76.54
332000,85022,1986,2,1.0,824.0,2.6,99.97
420000,85041,1956,4,3.0,2048.0,4.5,76.54
375000,85035,2016,3,3.5,1661.0,3.3,95.89
451000,85281,1961,3,1.75,1274.0,0.0,94.49
450000,85015,1955,3,2.0,1465.0,5.5,100.04
429000,85302,1999,3,2.0,1679.0,0.0,91.9
625000,85006,2017,4,2.0,2078.0,1.9,94.44
525000,85281,1958,3,2.0,1092.0,0.0,94.49
467000,85041,2006,4,2.0,1849.0,4.5,76.54
602000,85032,1979,3,2.0,1646.0,3.2,99.97
650000,85018,1971,3,2.0,1188.0,2.2,75.8
391000,85301,1955,3,2.0,1560.0,0.0,100.04
397000,85033,1980,4,2.0,1483.0,3.0,95.89
715000,85023,2018,3,2.5,2686.0,3.4,91.9
460000,85051,1960,3,2.0,1716.0,4.3,91.9
387500,85033,1972,3,2.0,1764.0,3.0,95.89
305000,85009,1958,3,1.0,1000.0,4.0,65.7
475000,85304,1979,3,2.0,1794.0,0.2,91.9
340000,85019,1968,5,2.0,1818.0,2.5,100.04
556500,85041,1962,3,3.0,1880.0,4.5,76.54
800000,85003,1948,3,2.0,1814.0,1.1,94.44
391000,85006,1942,2,1.0,812.0,1.9,94.44
460000,85008,1956,3,2.0,1287.0,4.5,81.79
375000,85009,1950,3,2.0,1408.0,4.0,65.7
315000,85051,1953,3,1.0,1014.0,4.3,91.9
400000,85019,1959,4,3.0,2000.0,2.5,100.04
450000,85008,1954,3,2.0,1440.0,4.5,81.79
317000,85023,1988,2,2.0,1246.0,3.4,91.9
510000,85023,2007,3,2.5,1753.0,3.4,91.9
380000,85022,1979,3,2.0,1261.0,2.6,99.97
250000,85023,1982,3,2.0,1342.0,3.4,91.9
435000,85042,1954,4,1.75,1764.0,2.9,76.54
410000,85029,1969,3,2.0,1458.0,3.3,91.9
325000,85042,1958,4,2.0,1154.0,2.9,76.54
510000,85339,2005,5,3.0,2461.0,2.0,94.47
500000,85042,2000,4,2.5,2259.0,2.9,76.54
385000,85031,1957,4,2.0,1692.0,2.4,100.04
270000,85035,1963,3,1.5,1334.0,3.3,95.89
625000,85021,1954,3,2.0,1765.0,2.8,91.9
340000,85019,1961,3,2.0,1411.0,2.5,100.04
340000,85020,1949,3,2.0,1628.0,2.1,97.13
365000,85035,1975,4,2.0,1298.0,3.3,95.89
740000,85022,1973,3,3.0,2965.0,2.6,99.97
680000,85015,1962,4,3.0,1712.0,5.5,100.04
653000,85008,1973,4,1.75,2166.0,4.5,81.79
1100000,85254,1978,5,3.0,2549.0,1.1,99.97
321000,85041,1941,3,1.5,1385.0,4.5,76.54
425000,85304,2004,4,2.5,1756.0,0.2,91.9
375100,85043,2005,4,2.5,1598.0,3.2,76.86
570000,85008,1955,4,2.0,1361.0,4.5,81.79
305000,85009,1951,4,2.0,1196.0,4.0,65.7
523500,85302,1976,4,2.0,1833.0,0.0,91.9
300000,85022,1971,3,1.0,1241.0,2.6,99.97
520000,85032,1984,3,2.0,1608.0,3.2,99.97
300000,85009,1954,3,2.0,1500.0,4.0,65.7
420000,85301,1950,3,2.0,1973.0,0.0,100.04
640000,85023,1967,4,2.0,2065.0,3.4,91.9
571500,85281,1960,4,3.0,2252.0,0.0,94.49
665000,85016,1949,3,2.0,1881.0,3.2,97.13
395000,85031,1958,4,3.0,1665.0,2.4,100.04
398000,85029,1969,3,1.75,1428.0,3.3,91.9
435000,85023,1970,3,2.0,1729.0,3.4,91.9
862500,85003,1956,3,2.0,1954.0,1.1,94.44
685000,85028,1973,3,2.0,1715.0,0.6,99.97
378000,85029,1971,3,2.0,1328.0,3.3,91.9
485000,85041,2004,4,2.0,2484.0,4.5,76.54
655000,85006,2000,3,3.0,1891.0,1.9,94.44
636000,85014,1952,3,2.0,1486.0,1.9,97.13
685000,85281,1960,4,2.0,1710.0,0.0,94.49
478000,85053,1977,3,2.0,1870.0,1.5,91.9
720000,85018,1951,3,1.0,1407.0,2.2,75.8
431500,85282,1970,3,2.0,1176.0,0.0,94.49
701000,85251,1959,4,2.0,1654.0,0.0,101.35
374990,85041,2022,3,2.0,1125.0,4.5,76.54
352500,85304,1974,3,1.75,1040.0,0.2,91.9
745000,85041,1975,3,2.0,2283.0,4.5,76.54
488000,85017,1954,6,4.0,2115.0,4.1,100.04
411000,85041,2004,3,2.0,1842.0,4.5,76.54
440000,85345,1979,3,2.0,1543.0,0.0,85.28
470000,85302,1972,4,2.0,1985.0,0.0,91.9
410000,85302,1974,4,2.0,2485.0,0.0,91.9
720000,85032,1983,3,2.0,1501.0,3.2,99.97
435000,85302,1972,4,2.0,1463.0,0.0,91.9
382000,85033,1968,3,2.0,1304.0,3.0,95.89
390000,85301,1959,4,2.0,2433.0,0.0,100.04
560000,85032,1974,3,2.0,1685.0,3.2,99.97
368000,85035,1964,4,2.0,1521.0,3.3,95.89
570111,85003,1930,2,1.0,1046.0,1.1,94.44
461000,85041,2004,3,2.0,1632.0,4.5,76.54
445000,85015,2021,4,2.5,1655.0,5.5,100.04
389000,85033,1961,4,2.0,1410.0,3.0,95.89
715000,85022,1977,3,2.0,2119.0,2.6,99.97
280000,85009,1948,2,1.0,851.0,4.0,65.7
360000,85017,1952,3,1.0,1092.0,4.1,100.04
295000,85032,1974,3,2.0,1064.0,3.2,99.97
375000,85009,1930,2,1.0,1322.0,4.0,65.7
351000,85031,1958,4,2.0,1733.0,2.4,100.04
700000,85303,1990,3,2.0,2002.0,0.0,95.89
360000,85031,1956,3,2.0,1116.0,2.4,100.04
450000,85016,1953,3,1.0,988.0,3.2,97.13
425000,85023,1997,3,2.0,1561.0,3.4,91.9
293000,85041,1947,2,1.0,920.0,4.5,76.54
521500,85013,2000,3,2.0,1836.0,2.0,72.93
560000,85022,1980,3,2.0,1808.0,2.6,99.97
358000,85051,1961,3,2.0,1176.0,4.3,91.9
340000,85033,1978,3,2.0,1343.0,3.0,95.89
835000,85042,2017,3,2.5,2693.0,2.9,76.54
340000,85051,1961,3,2.0,1183.0,4.3,91.9
623000,85028,1961,3,2.0,1820.0,0.6,99.97
400000,85051,1968,4,1.75,2103.0,4.3,91.9
1100000,85014,1951,4,2.0,2028.0,1.9,97.13
850000,85028,1962,3,3.0,2085.0,0.6,99.97
530000,85032,1987,3,2.0,1548.0,3.2,99.97
465000,85345,1983,3,2.0,1440.0,0.0,85.28
403000,85301,1959,4,2.0,1765.0,0.0,100.04
855000,85013,1950,3,2.0,1782.0,2.0,72.93
535000,85303,1994,4,2.0,1963.0,0.0,95.89
595000,85041,2004,5,3.5,3763.0,4.5,76.54
375000,85035,2015,3,3.0,1768.0,3.3,95.89
180000,85029,1960,3,2.0,1481.0,3.3,91.9
415000,85032,1977,3,2.0,1142.0,3.2,99.97
410000,85014,1952,2,1.0,1163.0,1.9,97.13
320000,85017,1949,2,1.0,1020.0,4.1,100.04
950000,85013,1981,4,2.0,2838.0,2.0,72.93
1075000,85251,1959,3,2.0,1534.0,0.0,101.35
400000,85053,1976,3,2.0,1614.0,1.5,91.9
370000,85040,2006,3,2.0,1544.0,2.8,76.54
572000,85015,1942,3,2.0,1706.0,5.5,100.04
525000,85008,1952,5,3.0,1815.0,4.5,81.79
415000,85023,1960,3,2.0,1500.0,3.4,91.9
335000,85301,1964,3,2.0,1549.0,0.0,100.04
1050000,85251,1960,3,2.0,1800.0,0.0,101.35
490000,85032,1974,3,2.0,1440.0,3.2,99.97
335000,85017,1952,3,2.0,1210.0,4.1,100.04
526000,85013,1946,3,2.0,1339.0,2.0,72.93
510500,85257,1961,2,2.0,1137.0,2.5,101.35
425000,85015,1958,4,2.0,1796.0,5.5,100.04
395000,85019,1958,3,2.0,1282.0,2.5,100.04
290000,85008,1940,2,1.0,651.0,4.5,81.79
459900,85304,1979,3,2.0,1645.0,0.2,91.9
1300000,85250,1972,4,3.0,1832.0,2.5,101.35
900000,85032,1988,4,2.0,2211.0,3.2,99.97
450000,85032,1972,3,1.75,1420.0,3.2,99.97
850000,85020,1967,4,2.0,2292.0,2.1,97.13
700000,85041,2019,5,3.5,2867.0,4.5,76.54
310000,85301,1950,2,1.0,896.0,0.0,100.04
415000,85041,2003,3,2.0,1347.0,4.5,76.54
495000,85042,2004,4,2.0,1672.0,2.9,76.54
718000,85028,1962,3,2.0,1608.0,0.6,99.97
371500,85035,1977,4,2.0,1576.0,3.3,95.89
1200000,85254,1972,4,3.0,2767.0,1.1,99.97
403700,85051,1961,4,2.0,1480.0,4.3,91.9
490000,85029,1971,4,2.0,2143.0,3.3,91.9
350000,85035,1972,3,2.0,1140.0,3.3,95.89
680000,85014,1954,4,1.5,1539.0,1.9,97.13
390000,85040,2004,4,2.5,1600.0,2.8,76.54
358000,85017,1954,3,1.75,1412.0,4.1,100.04
445000,85304,1971,3,1.75,1598.0,0.2,91.9
368000,85041,1947,3,2.0,1334.0,4.5,76.54
457900,85020,1952,3,2.0,1479.0,2.1,97.13
395000,85029,1960,3,2.0,1352.0,3.3,91.9
410000,85345,1980,3,1.75,1420.0,0.0,85.28
420000,85304,1973,3,2.0,1616.0,0.2,91.9
435000,85304,1983,3,2.0,1145.0,0.2,91.9
360000,85051,1954,3,2.0,1376.0,4.3,91.9
700000,85028,1962,4,2.0,2206.0,0.6,99.97
450000,85023,1978,3,2.0,1680.0,3.4,91.9
360000,85301,1930,3,2.0,1470.0,0.0,100.04
391000,85304,1983,3,2.0,1231.0,0.2,91.9
405000,85021,1947,3,2.0,1370.0,2.8,91.9
386000,85304,1978,4,2.0,1879.0,0.2,91.9
470000,85053,1975,3,2.0,1893.0,1.5,91.9
830000,85022,1979,4,2.0,2476.0,2.6,99.97
451000,85304,1978,4,2.0,1633.0,0.2,91.9
575000,85022,1983,3,2.0,1749.0,2.6,99.97
412000,85041,1981,3,2.0,1321.0,4.5,76.54
376000,85019,1954,4,2.0,1681.0,2.5,100.04
480000,85302,1979,4,2.0,2239.0,0.0,91.9
428000,85016,1949,3,1.0,898.0,3.2,97.13
505000,85008,1981,2,2.0,1362.0,4.5,81.79
126000,85003,1921,1,1.0,660.0,1.1,94.44
400000,85051,1967,4,2.0,1773.0,4.3,91.9
460000,85023,1973,4,2.0,1863.0,3.4,91.9
810000,85257,1959,3,2.0,1600.0,2.5,101.35
520000,85041,2014,4,3.0,2522.0,4.5,76.54
395000,85051,1985,3,2.5,2009.0,4.3,91.9
260000,85007,1946,2,1.0,754.0,1.6,94.44
630000,85040,2005,4,3.0,3772.0,2.8,76.54
545000,85042,2017,4,2.0,1902.0,2.9,76.54
494500,85339,2006,3,2.0,2240.0,2.0,94.47
400000,85043,2002,3,2.0,1589.0,3.2,76.86
420000,85029,1971,4,3.0,1632.0,3.3,91.9
430500,85029,1961,4,2.0,1715.0,3.3,91.9
380000,85031,1956,4,2.0,1706.0,2.4,100.04
405000,85029,1971,4,2.0,1280.0,3.3,91.9
850000,85251,1958,4,3.0,1926.0,0.0,101.35
655000,85251,1957,4,2.0,1909.0,0.0,101.35
625000,85032,1974,3,2.0,1685.0,3.2,99.97
655000,85006,1925,3,2.0,1325.0,1.9,94.44
600000,85013,1947,3,2.0,1455.0,2.0,72.93
369200,85041,1951,4,2.0,1472.0,4.5,76.54
585000,85022,1973,3,2.0,1962.0,2.6,99.97
360000,85053,1979,2,2.0,1233.0,1.5,91.9
364990,85041,2022,3,2.0,1100.0,4.5,76.54
1000000,85029,1997,5,3.0,3949.0,3.3,91.9
240000,85041,1952,3,2.0,1046.0,4.5,76.54
385000,85013,1952,3,2.5,1276.0,2.0,72.93
510000,85304,1982,4,2.0,2028.0,0.2,91.9
640000,85016,1948,4,3.0,1769.0,3.2,97.13
595111,85042,2002,4,3.0,2685.0,2.9,76.54
517500,85053,1970,5,2.0,2400.0,1.5,91.9
590000,85022,1973,2,2.0,1979.0,2.6,99.97
564000,85022,1973,2,2.0,1867.0,2.6,99.97
367000,85306,1971,4,3.0,2039.0,0.3,91.9
795000,85028,1975,3,2.0,1874.0,0.6,99.97
650000,85257,1957,3,2.0,1506.0,2.5,101.35
720000,85014,1951,3,2.75,1835.0,1.9,97.13
329000,85007,1955,4,1.0,1269.0,1.6,94.44
402000,85022,1968,3,2.0,1224.0,2.6,99.97
930000,85018,1953,4,3.0,2208.0,2.2,75.8
357000,85021,1949,3,1.0,1141.0,2.8,91.9
535000,85008,1970,3,2.0,2572.0,4.5,81.79
402000,85043,2005,3,2.5,2150.0,3.2,76.86
340000,85031,1956,4,2.5,1793.0,2.4,100.04
395000,85033,1969,3,2.0,1982.0,3.0,95.89
405563,85303,2021,4,3.0,1850.0,0.0,95.89
386000,85302,1980,2,2.0,1107.0,0.0,91.9
600000,85042,2003,3,2.0,2219.0,2.9,76.54
405000,85019,1967,5,2.0,1790.0,2.5,100.04
478000,85042,2001,3,2.0,1522.0,2.9,76.54
335000,85042,1966,4,2.0,1629.0,2.9,76.54
385000,85053,1970,4,2.0,2160.0,1.5,91.9
850000,85032,1980,4,2.75,1989.0,3.2,99.97
430000,85301,1970,4,2.5,2016.0,0.0,100.04
515000,85303,2021,3,2.0,1788.0,0.0,95.89
374900,85053,1970,5,3.0,1296.0,1.5,91.9
327500,85051,1962,3,1.75,1047.0,4.3,91.9
420000,85033,1960,5,2.0,1674.0,3.0,95.89
460000,85301,1971,4,2.0,2289.0,0.0,100.04
476000,85023,2017,3,2.0,1507.0,3.4,91.9
695000,85022,1972,3,2.0,1924.0,2.6,99.97
1050000,85254,1988,4,2.0,2572.0,1.1,99.97
590000,85006,1926,3,2.0,1401.0,1.9,94.44
850000,85003,1941,4,3.0,2215.0,1.1,94.44
725000,85281,1980,3,2.5,2467.0,0.0,94.49
449000,85006,1916,3,2.0,1410.0,1.9,94.44
505000,85020,1936,3,2.0,2054.0,2.1,97.13
735000,85022,1971,3,2.0,2082.0,2.6,99.97
371000,85037,1996,3,2.0,1098.0,1.9,85.28
779000,85251,1955,3,2.0,1529.0,0.0,101.35
372500,85033,1961,3,2.0,1620.0,3.0,95.89
420000,85032,1986,3,1.75,1230.0,3.2,99.97
465000,85041,2005,4,2.5,2334.0,4.5,76.54
370000,85033,1960,4,2.0,1585.0,3.0,95.89
385000,85304,1977,3,2.0,1341.0,0.2,91.9
597000,85008,1958,3,2.0,2076.0,4.5,81.79
270000,85029,1960,3,2.0,1484.0,3.3,91.9
325000,85041,1956,3,2.0,1184.0,4.5,76.54
516000,85040,2006,4,2.5,3073.0,2.8,76.54
462000,85042,2003,3,2.5,2346.0,2.9,76.54
605000,85251,1959,3,2.0,1416.0,0.0,101.35
710000,85022,1980,4,2.5,2223.0,2.6,99.97
450000,85302,1998,4,3.0,1892.0,0.0,91.9
490000,85041,2005,5,3.0,3213.0,4.5,76.54
440000,85051,1969,4,2.0,1772.0,4.3,91.9
600000,85013,1957,3,2.0,1304.0,2.0,72.93
533300,85032,1981,4,2.0,1428.0,3.2,99.97
340000,85041,1982,3,1.75,936.0,4.5,76.54
408000,85006,1940,2,1.0,936.0,1.9,94.44
522000,85053,1961,3,2.0,2065.0,1.5,91.9
415000,85051,1979,3,3.0,2210.0,4.3,91.9
385000,85008,1950,3,2.0,1350.0,4.5,81.79
670000,85013,1953,3,2.0,1556.0,2.0,72.93
405000,85041,2002,3,2.0,1336.0,4.5,76.54
395000,85021,1959,3,2.0,1092.0,2.8,91.9
470000,85301,2000,3,2.5,1832.0,0.0,100.04
430000,85043,2005,3,2.0,1653.0,3.2,76.86
450000,85302,1972,4,2.0,1883.0,0.0,91.9
368000,85041,1961,3,2.0,1000.0,4.5,76.54
450000,85304,1980,3,2.0,1663.0,0.2,91.9
800000,85254,1978,3,2.0,1740.0,1.1,99.97
860000,85006,2007,4,2.0,1614.0,1.9,94.44
505000,85041,2020,3,2.5,2223.0,4.5,76.54
700000,85018,1950,2,1.0,1107.0,2.2,75.8
665000,85257,1959,3,2.0,1509.0,2.5,101.35
425000,85029,1969,4,1.75,1674.0,3.3,91.9
485000,85041,2004,4,2.0,2160.0,4.5,76.54
368000,85009,1953,4,2.0,1600.0,4.0,65.7
384750,85033,1973,3,2.0,1377.0,3.0,95.89
749900,85042,2020,4,3.5,3085.0,2.9,76.54
417000,85302,1977,3,2.5,1527.0,0.0,91.9
415000,85029,1970,3,2.0,1519.0,3.3,91.9
665000,85028,1972,3,2.0,2156.0,0.6,99.97
380000,85029,1971,2,2.0,1336.0,3.3,91.9
399995,85032,1998,3,2.0,1340.0,3.2,99.97
805000,85016,1956,4,3.0,1908.0,3.2,97.13
400000,85029,1971,5,2.5,1754.0,3.3,91.9
650000,85028,1971,3,2.0,2076.0,0.6,99.97
420000,85029,1968,4,2.0,1850.0,3.3,91.9
825000,85018,1958,3,2.0,1363.0,2.2,75.8
440000,85301,1925,4,3.0,1767.0,0.0,100.04
470000,85043,2006,4,2.5,2066.0,3.2,76.86
375000,85304,1979,3,2.0,1860.0,0.2,91.9
385000,85040,2004,4,2.5,1580.0,2.8,76.54
815000,85257,1959,4,2.0,1894.0,2.5,101.35
246500,85006,1956,3,1.0,1135.0,1.9,94.44
179900,85009,1944,2,1.0,562.0,4.0,65.7
640000,85029,1980,4,2.0,2581.0,3.3,91.9
338700,85015,1956,3,1.5,1384.0,5.5,100.04
570000,85009,1958,3,2.0,1616.0,4.0,65.7
360000,85051,1963,3,2.0,1748.0,4.3,91.9
440000,85301,2022,4,3.0,1840.0,0.0,100.04
340000,85006,1930,2,1.0,1026.0,1.9,94.44
651000,85251,1959,3,2.0,1416.0,0.0,101.35
620000,85304,1992,5,3.0,2932.0,0.2,91.9
250000,85008,1935,3,1.0,1008.0,4.5,81.79
360000,85301,1964,3,2.0,1520.0,0.0,100.04
877000,85021,1964,4,3.0,2353.0,2.8,91.9
430000,85041,2019,3,2.0,1392.0,4.5,76.54
485000,85042,2003,3,2.0,1984.0,2.9,76.54
340000,85031,1959,3,2.0,1418.0,2.4,100.04
320000,85017,1955,3,2.0,1578.0,4.1,100.04
370000,85017,1952,3,1.5,1520.9,4.1,100.04
425000,85008,1955,4,2.0,1534.0,4.5,81.79
460000,85013,1955,3,2.0,1402.0,2.0,72.93
355000,85035,1971,4,2.0,1200.0,3.3,95.89
700000,85023,1981,5,3.0,2834.0,3.4,91.9
430000,85017,1999,4,3.0,2242.0,4.1,100.04
500000,85304,1978,4,2.5,2056.0,0.2,91.9
935000,85028,1979,4,2.0,2607.0,0.6,99.97
420000,85303,2003,3,2.0,1674.0,0.0,95.89
470000,85032,1972,3,2.0,1208.0,3.2,99.97
510000,85041,2004,4,2.0,1906.0,4.5,76.54
1025000,85021,1954,4,3.5,3351.0,2.8,91.9
510000,85021,1900,2,1.0,1320.0,2.8,91.9
310000,85033,1961,3,2.0,1665.0,3.0,95.89
450000,85302,2013,3,2.0,1874.0,0.0,91.9
365000,85019,1959,4,2.0,2048.0,2.5,100.04
770000,85006,2019,3,2.0,1605.0,1.9,94.44
817500,85029,1997,5,3.0,3550.0,3.3,91.9
333000,85029,1959,3,1.75,1400.0,3.3,91.9
360000,85035,1974,4,3.0,1519.0,3.3,95.89
420000,85041,2014,4,2.0,1652.0,4.5,76.54
397000,85031,1955,5,2.0,1972.0,2.4,100.04
405000,85006,1950,3,3.0,1789.0,1.9,94.44
350000,85303,1927,2,1.0,1155.0,0.0,95.89
455000,85051,1970,4,2.0,1855.0,4.3,91.9
650000,85022,1994,3,2.0,2169.0,2.6,99.97
515000,85015,1963,3,2.5,1796.0,5.5,100.04
430000,85006,1933,3,1.0,1048.0,1.9,94.44
330000,85035,1962,3,2.0,1172.0,3.3,95.89
305000,85304,1975,4,2.0,1784.0,0.2,91.9
355000,85009,1969,4,2.0,1511.0,4.0,65.7
465000,85015,1948,3,2.0,1708.0,5.5,100.04
585000,85023,1995,4,2.5,2696.0,3.4,91.9
1100000,85251,1958,4,3.0,1922.0,0.0,101.35
375000,85031,1956,4,2.0,1589.0,2.4,100.04
460000,85304,1979,3,2.0,1615.0,0.2,91.9
480000,85013,1952,3,2.0,1276.0,2.0,72.93
365000,85304,1979,3,2.0,1024.0,0.2,91.9
874000,85029,1978,5,3.5,3137.0,3.3,91.9
599000,85257,1960,3,2.0,1344.0,2.5,101.35
452500,85020,1954,3,1.75,1152.0,2.1,97.13
585000,85022,1993,4,2.5,2241.0,2.6,99.97
335000,85009,1960,4,2.0,1249.0,4.0,65.7
372000,85017,1954,4,2.5,1900.0,4.1,100.04
223050,85345,2006,3,2.0,1305.0,0.0,85.28
372000,85009,1960,4,3.0,1942.0,4.0,65.7
526000,85042,2004,4,2.0,3097.0,2.9,76.54
310000,85051,1969,3,2.0,1594.0,4.3,91.9
330000,85017,1953,3,1.5,1417.0,4.1,100.04
320500,85306,1974,3,2.0,1064.0,0.3,91.9
472000,85006,2008,3,2.0,1812.0,1.9,94.44
620000,85013,1958,3,2.0,1478.0,2.0,72.93
388000,85304,1974,3,2.0,1226.0,0.2,91.9
300777,85051,1966,3,2.0,1047.0,4.3,91.9
850000,85251,1958,3,3.0,1660.0,0.0,101.35
475000,85302,1971,3,2.0,1768.0,0.0,91.9
440000,85029,1971,3,2.0,1860.0,3.3,91.9
410000,85042,1994,3,2.0,1260.0,2.9,76.54
454000,85304,1983,4,2.0,1972.0,0.2,91.9
600000,85032,1981,3,2.0,2012.0,3.2,99.97
375000,85042,2016,3,2.5,1499.0,2.9,76.54
365000,85345,1972,3,2.0,1581.0,0.0,85.28
529000,85008,1953,3,2.0,1710.0,4.5,81.79
460000,85009,1953,3,2.0,1145.0,4.0,65.7
